"time (s)","(v "/in" ?resultsDir "/nfs/ug/homes-5/l/lizongh2/cmos65nm/simulation/a6_1/spectre/schematic" ?result "tran-tran") (V)"
0.00000,0.5500
1.786E-13,0.5501
3.571E-13,0.5501
7.143E-13,0.5502
1.429E-12,0.5505
2.857E-12,0.5510
5.179E-12,0.5518
7.857E-12,0.5527
1.321E-11,0.5546
2.393E-11,0.5583
3.607E-11,0.5625
3.643E-11,0.5626
3.714E-11,0.5628
3.857E-11,0.5633
4.143E-11,0.5643
4.714E-11,0.5663
5.857E-11,0.5702
8.143E-11,0.5781
1.121E-10,0.5887
1.429E-10,0.5993
1.43E-10,0.5994
1.432E-10,0.5994
1.436E-10,0.5995
1.443E-10,0.5998
1.457E-10,0.6003
1.48E-10,0.6011
1.507E-10,0.6020
1.561E-10,0.6038
1.668E-10,0.6075
1.789E-10,0.6117
1.793E-10,0.6118
1.8E-10,0.6121
1.814E-10,0.6126
1.843E-10,0.6135
1.900E-10,0.6155
2.014E-10,0.6194
2.243E-10,0.6273
2.550E-10,0.6377
2.857E-10,0.6482
2.859E-10,0.6483
2.861E-10,0.6483
2.864E-10,0.6484
2.871E-10,0.6487
2.886E-10,0.6492
2.909E-10,0.6500
2.936E-10,0.6509
2.989E-10,0.6527
3.096E-10,0.6563
3.218E-10,0.6604
3.221E-10,0.6606
3.229E-10,0.6608
3.243E-10,0.6613
3.271E-10,0.6623
3.329E-10,0.6642
3.443E-10,0.6681
3.671E-10,0.6758
3.979E-10,0.6861
4.286E-10,0.6963
4.288E-10,0.6964
4.289E-10,0.6964
4.293E-10,0.6966
4.3E-10,0.6968
4.314E-10,0.6973
4.338E-10,0.6980
4.364E-10,0.6989
4.418E-10,0.7007
4.525E-10,0.7043
4.646E-10,0.7083
4.65E-10,0.7084
4.657E-10,0.7087
4.671E-10,0.7091
4.7E-10,0.7101
4.757E-10,0.7120
4.871E-10,0.7157
5.100E-10,0.7232
5.407E-10,0.7333
5.714E-10,0.7433
5.716E-10,0.7433
5.718E-10,0.7434
5.721E-10,0.7435
5.729E-10,0.7437
5.743E-10,0.7442
5.766E-10,0.7449
5.793E-10,0.7458
5.846E-10,0.7475
5.954E-10,0.7510
6.075E-10,0.7549
6.079E-10,0.7550
6.086E-10,0.7552
6.100E-10,0.7557
6.129E-10,0.7566
6.186E-10,0.7584
6.3E-10,0.7621
6.529E-10,0.7693
6.836E-10,0.7790
7.143E-10,0.7886
7.145E-10,0.7887
7.146E-10,0.7887
7.15E-10,0.7889
7.157E-10,0.7891
7.171E-10,0.7895
7.195E-10,0.7902
7.221E-10,0.7911
7.275E-10,0.7927
7.382E-10,0.7961
7.504E-10,0.7998
7.507E-10,0.7999
7.514E-10,0.8001
7.529E-10,0.8006
7.557E-10,0.8015
7.614E-10,0.8032
7.729E-10,0.8067
7.957E-10,0.8137
8.264E-10,0.8229
8.571E-10,0.8321
8.573E-10,0.8321
8.575E-10,0.8322
8.579E-10,0.8323
8.586E-10,0.8325
8.6E-10,0.8329
8.623E-10,0.8336
8.65E-10,0.8344
8.704E-10,0.8360
8.811E-10,0.8392
8.932E-10,0.8427
8.936E-10,0.8428
8.943E-10,0.8430
8.957E-10,0.8435
8.986E-10,0.8443
9.043E-10,0.8460
9.157E-10,0.8493
9.386E-10,0.8559
9.693E-10,0.8646
1.0E-9,0.8733
1.0E-9,0.8733
1.0E-9,0.8734
1.001E-9,0.8735
1.001E-9,0.8737
1.003E-9,0.8741
1.005E-9,0.8747
1.008E-9,0.8755
1.013E-9,0.8770
1.024E-9,0.8799
1.036E-9,0.8833
1.036E-9,0.8834
1.037E-9,0.8836
1.039E-9,0.8840
1.041E-9,0.8848
1.047E-9,0.8863
1.059E-9,0.8894
1.081E-9,0.8956
1.112E-9,0.9038
1.143E-9,0.9119
1.143E-9,0.9119
1.143E-9,0.9120
1.144E-9,0.9121
1.144E-9,0.9122
1.146E-9,0.9126
1.148E-9,0.9132
1.151E-9,0.9139
1.156E-9,0.9153
1.167E-9,0.9181
1.179E-9,0.9212
1.179E-9,0.9213
1.18E-9,0.9214
1.181E-9,0.9218
1.184E-9,0.9225
1.19E-9,0.9240
1.201E-9,0.9269
1.224E-9,0.9326
1.255E-9,0.9401
1.286E-9,0.9475
1.286E-9,0.9476
1.286E-9,0.9476
1.286E-9,0.9477
1.287E-9,0.9479
1.289E-9,0.9482
1.291E-9,0.9488
1.294E-9,0.9494
1.299E-9,0.9507
1.31E-9,0.9532
1.322E-9,0.9560
1.322E-9,0.9561
1.323E-9,0.9563
1.324E-9,0.9566
1.327E-9,0.9573
1.333E-9,0.9586
1.344E-9,0.9613
1.367E-9,0.9665
1.398E-9,0.9733
1.429E-9,0.9800
1.429E-9,0.9800
1.429E-9,0.9801
1.429E-9,0.9802
1.43E-9,0.9803
1.431E-9,0.9806
1.434E-9,0.9811
1.436E-9,0.9817
1.442E-9,0.9828
1.452E-9,0.9851
1.465E-9,0.9877
1.465E-9,0.9877
1.466E-9,0.9879
1.467E-9,0.9882
1.47E-9,0.9888
1.476E-9,0.9900
1.487E-9,0.9923
1.51E-9,0.9970
1.541E-9,1.003
1.571E-9,1.009
1.572E-9,1.009
1.572E-9,1.009
1.572E-9,1.009
1.573E-9,1.009
1.574E-9,1.010
1.577E-9,1.010
1.579E-9,1.011
1.585E-9,1.012
1.595E-9,1.014
1.608E-9,1.016
1.608E-9,1.016
1.609E-9,1.016
1.61E-9,1.016
1.613E-9,1.017
1.619E-9,1.018
1.630E-9,1.020
1.653E-9,1.024
1.684E-9,1.029
1.714E-9,1.034
1.714E-9,1.034
1.715E-9,1.034
1.715E-9,1.034
1.716E-9,1.035
1.717E-9,1.035
1.719E-9,1.035
1.722E-9,1.036
1.727E-9,1.036
1.738E-9,1.038
1.75E-9,1.040
1.751E-9,1.040
1.751E-9,1.040
1.753E-9,1.041
1.756E-9,1.041
1.761E-9,1.042
1.773E-9,1.044
1.796E-9,1.047
1.826E-9,1.051
1.857E-9,1.056
1.857E-9,1.056
1.857E-9,1.056
1.858E-9,1.056
1.859E-9,1.056
1.86E-9,1.056
1.862E-9,1.056
1.865E-9,1.057
1.87E-9,1.058
1.881E-9,1.059
1.893E-9,1.061
1.894E-9,1.061
1.894E-9,1.061
1.896E-9,1.061
1.899E-9,1.061
1.904E-9,1.062
1.916E-9,1.063
1.939E-9,1.066
1.969E-9,1.070
2.0E-9,1.073
2.0E-9,1.073
2.0E-9,1.073
2.001E-9,1.073
2.001E-9,1.073
2.003E-9,1.073
2.005E-9,1.074
2.008E-9,1.074
2.013E-9,1.074
2.024E-9,1.076
2.036E-9,1.077
2.036E-9,1.077
2.037E-9,1.077
2.039E-9,1.077
2.041E-9,1.077
2.047E-9,1.078
2.059E-9,1.079
2.081E-9,1.081
2.112E-9,1.084
2.143E-9,1.086
2.143E-9,1.086
2.143E-9,1.086
2.144E-9,1.086
2.144E-9,1.086
2.146E-9,1.086
2.148E-9,1.087
2.151E-9,1.087
2.156E-9,1.087
2.167E-9,1.088
2.179E-9,1.089
2.179E-9,1.089
2.18E-9,1.089
2.181E-9,1.089
2.184E-9,1.089
2.19E-9,1.090
2.201E-9,1.090
2.224E-9,1.092
2.255E-9,1.093
2.286E-9,1.095
2.286E-9,1.095
2.286E-9,1.095
2.286E-9,1.095
2.287E-9,1.095
2.289E-9,1.095
2.291E-9,1.095
2.294E-9,1.095
2.299E-9,1.096
2.31E-9,1.096
2.322E-9,1.097
2.322E-9,1.097
2.323E-9,1.097
2.324E-9,1.097
2.327E-9,1.097
2.333E-9,1.097
2.344E-9,1.097
2.367E-9,1.098
2.398E-9,1.099
2.429E-9,1.099
2.429E-9,1.099
2.429E-9,1.099
2.429E-9,1.099
2.43E-9,1.099
2.431E-9,1.099
2.434E-9,1.100
2.436E-9,1.100
2.442E-9,1.100
2.452E-9,1.100
2.465E-9,1.100
2.465E-9,1.100
2.466E-9,1.100
2.467E-9,1.100
2.47E-9,1.100
2.476E-9,1.100
2.487E-9,1.100
2.510E-9,1.100
2.541E-9,1.100
2.571E-9,1.099
2.572E-9,1.099
2.572E-9,1.099
2.572E-9,1.099
2.573E-9,1.099
2.574E-9,1.099
2.577E-9,1.099
2.583E-9,1.099
2.594E-9,1.099
2.608E-9,1.099
2.608E-9,1.099
2.609E-9,1.099
2.61E-9,1.099
2.613E-9,1.099
2.619E-9,1.098
2.63E-9,1.098
2.653E-9,1.097
2.684E-9,1.096
2.714E-9,1.095
2.714E-9,1.095
2.715E-9,1.095
2.715E-9,1.095
2.716E-9,1.095
2.717E-9,1.095
2.719E-9,1.095
2.722E-9,1.095
2.727E-9,1.094
2.738E-9,1.094
2.75E-9,1.093
2.751E-9,1.093
2.751E-9,1.093
2.753E-9,1.093
2.756E-9,1.093
2.761E-9,1.093
2.773E-9,1.092
2.796E-9,1.091
2.826E-9,1.088
2.857E-9,1.086
2.857E-9,1.086
2.858E-9,1.086
2.858E-9,1.086
2.859E-9,1.086
2.86E-9,1.086
2.862E-9,1.086
2.865E-9,1.086
2.87E-9,1.085
2.881E-9,1.084
2.893E-9,1.083
2.894E-9,1.083
2.894E-9,1.083
2.896E-9,1.083
2.899E-9,1.083
2.904E-9,1.082
2.916E-9,1.081
2.939E-9,1.079
2.969E-9,1.076
3.0E-9,1.073
3.0E-9,1.073
3.0E-9,1.073
3.001E-9,1.073
3.001E-9,1.073
3.003E-9,1.073
3.005E-9,1.073
3.008E-9,1.072
3.013E-9,1.072
3.024E-9,1.070
3.036E-9,1.069
3.036E-9,1.069
3.037E-9,1.069
3.039E-9,1.069
3.041E-9,1.068
3.047E-9,1.068
3.059E-9,1.066
3.081E-9,1.064
3.112E-9,1.060
3.143E-9,1.056
3.143E-9,1.056
3.143E-9,1.056
3.144E-9,1.056
3.144E-9,1.056
3.146E-9,1.055
3.148E-9,1.055
3.151E-9,1.055
3.156E-9,1.054
3.167E-9,1.052
3.179E-9,1.051
3.179E-9,1.051
3.18E-9,1.051
3.181E-9,1.050
3.184E-9,1.050
3.19E-9,1.049
3.201E-9,1.047
3.224E-9,1.044
3.255E-9,1.039
3.286E-9,1.034
3.286E-9,1.034
3.286E-9,1.034
3.286E-9,1.034
3.287E-9,1.034
3.289E-9,1.034
3.291E-9,1.033
3.294E-9,1.033
3.299E-9,1.032
3.31E-9,1.030
3.322E-9,1.028
3.322E-9,1.028
3.323E-9,1.028
3.324E-9,1.028
3.327E-9,1.027
3.333E-9,1.026
3.344E-9,1.024
3.367E-9,1.020
3.398E-9,1.015
3.429E-9,1.009
3.429E-9,1.009
3.429E-9,1.009
3.429E-9,1.009
3.43E-9,1.009
3.431E-9,1.008
3.434E-9,1.008
3.436E-9,1.008
3.442E-9,1.006
3.452E-9,1.004
3.465E-9,1.002
3.465E-9,1.002
3.466E-9,1.002
3.467E-9,1.002
3.47E-9,1.001
3.476E-9,0.9998
3.487E-9,0.9976
3.510E-9,0.9929
3.541E-9,0.9865
3.571E-9,0.9800
3.572E-9,0.9800
3.572E-9,0.9799
3.572E-9,0.9799
3.573E-9,0.9797
3.574E-9,0.9794
3.577E-9,0.9789
3.579E-9,0.9783
3.585E-9,0.9771
3.595E-9,0.9748
3.608E-9,0.9721
3.608E-9,0.9720
3.609E-9,0.9719
3.61E-9,0.9716
3.613E-9,0.9709
3.619E-9,0.9697
3.63E-9,0.9671
3.653E-9,0.9619
3.684E-9,0.9548
3.714E-9,0.9475
3.714E-9,0.9475
3.715E-9,0.9475
3.715E-9,0.9474
3.716E-9,0.9472
3.717E-9,0.9469
3.719E-9,0.9463
3.722E-9,0.9457
3.727E-9,0.9444
3.738E-9,0.9418
3.75E-9,0.9388
3.751E-9,0.9387
3.751E-9,0.9386
3.753E-9,0.9382
3.756E-9,0.9375
3.761E-9,0.9361
3.773E-9,0.9333
3.796E-9,0.9276
3.826E-9,0.9198
3.857E-9,0.9119
3.857E-9,0.9118
3.858E-9,0.9118
3.858E-9,0.9117
3.859E-9,0.9115
3.86E-9,0.9111
3.862E-9,0.9105
3.865E-9,0.9098
3.87E-9,0.9084
3.881E-9,0.9056
3.893E-9,0.9024
3.894E-9,0.9023
3.894E-9,0.9021
3.896E-9,0.9017
3.899E-9,0.9010
3.904E-9,0.8994
3.916E-9,0.8964
3.939E-9,0.8902
3.969E-9,0.8818
4.0E-9,0.8733
4.0E-9,0.8732
4.0E-9,0.8732
4.001E-9,0.8731
4.001E-9,0.8729
4.003E-9,0.8725
4.005E-9,0.8718
4.008E-9,0.8711
4.013E-9,0.8696
4.024E-9,0.8666
4.036E-9,0.8631
4.036E-9,0.8630
4.037E-9,0.8628
4.039E-9,0.8624
4.041E-9,0.8616
4.047E-9,0.8600
4.059E-9,0.8567
4.081E-9,0.8501
4.112E-9,0.8412
4.143E-9,0.8321
4.143E-9,0.8320
4.143E-9,0.8320
4.144E-9,0.8319
4.144E-9,0.8317
4.146E-9,0.8312
4.148E-9,0.8306
4.151E-9,0.8298
4.156E-9,0.8282
4.167E-9,0.8250
4.179E-9,0.8213
4.179E-9,0.8212
4.18E-9,0.8210
4.181E-9,0.8206
4.184E-9,0.8197
4.19E-9,0.8180
4.201E-9,0.8145
4.224E-9,0.8076
4.255E-9,0.7982
4.286E-9,0.7886
4.286E-9,0.7886
4.286E-9,0.7885
4.286E-9,0.7884
4.287E-9,0.7882
4.289E-9,0.7877
4.291E-9,0.7870
4.294E-9,0.7862
4.299E-9,0.7845
4.310E-9,0.7812
4.322E-9,0.7773
4.322E-9,0.7772
4.323E-9,0.7770
4.324E-9,0.7766
4.327E-9,0.7757
4.333E-9,0.7739
4.344E-9,0.7702
4.367E-9,0.7630
4.398E-9,0.7532
4.429E-9,0.7433
4.429E-9,0.7432
4.429E-9,0.7431
4.429E-9,0.7430
4.43E-9,0.7428
4.431E-9,0.7423
4.434E-9,0.7416
4.436E-9,0.7407
4.442E-9,0.7390
4.452E-9,0.7355
4.465E-9,0.7315
4.465E-9,0.7314
4.466E-9,0.7312
4.467E-9,0.7307
4.47E-9,0.7298
4.476E-9,0.7279
4.487E-9,0.7242
4.51E-9,0.7167
4.541E-9,0.7065
4.571E-9,0.6963
4.572E-9,0.6963
4.572E-9,0.6962
4.572E-9,0.6961
4.573E-9,0.6958
4.574E-9,0.6954
4.577E-9,0.6946
4.579E-9,0.6937
4.585E-9,0.6919
4.595E-9,0.6883
4.608E-9,0.6843
4.608E-9,0.6841
4.609E-9,0.6839
4.61E-9,0.6834
4.613E-9,0.6825
4.619E-9,0.6806
4.63E-9,0.6767
4.653E-9,0.6690
4.684E-9,0.6586
4.714E-9,0.6482
4.714E-9,0.6481
4.715E-9,0.6481
4.715E-9,0.6480
4.716E-9,0.6477
4.717E-9,0.6472
4.719E-9,0.6464
4.722E-9,0.6455
4.727E-9,0.6437
4.738E-9,0.6401
4.75E-9,0.6359
4.751E-9,0.6358
4.751E-9,0.6356
4.753E-9,0.6351
4.756E-9,0.6341
4.761E-9,0.6321
4.773E-9,0.6282
4.796E-9,0.6204
4.826E-9,0.6099
4.857E-9,0.5993
4.857E-9,0.5992
4.858E-9,0.5992
4.858E-9,0.5991
4.859E-9,0.5988
4.86E-9,0.5983
4.862E-9,0.5975
4.865E-9,0.5966
4.87E-9,0.5948
4.881E-9,0.5911
4.893E-9,0.5869
4.894E-9,0.5868
4.894E-9,0.5865
4.896E-9,0.5860
4.899E-9,0.5850
4.904E-9,0.5831
4.916E-9,0.5791
4.939E-9,0.5712
4.969E-9,0.5606
5.0E-9,0.5500
5.0E-9,0.5499
5.0E-9,0.5499
5.001E-9,0.5498
5.001E-9,0.5495
5.003E-9,0.5490
5.005E-9,0.5482
5.008E-9,0.5473
5.013E-9,0.5454
5.024E-9,0.5417
5.036E-9,0.5375
5.036E-9,0.5374
5.037E-9,0.5372
5.039E-9,0.5367
5.041E-9,0.5357
5.047E-9,0.5337
5.059E-9,0.5298
5.081E-9,0.5219
5.112E-9,0.5113
5.143E-9,0.5007
5.143E-9,0.5006
5.143E-9,0.5006
5.144E-9,0.5005
5.144E-9,0.5002
5.146E-9,0.4997
5.148E-9,0.4989
5.151E-9,0.4980
5.156E-9,0.4962
5.167E-9,0.4925
5.179E-9,0.4883
5.179E-9,0.4882
5.18E-9,0.4879
5.181E-9,0.4874
5.184E-9,0.4865
5.19E-9,0.4845
5.201E-9,0.4806
5.224E-9,0.4727
5.255E-9,0.4623
5.286E-9,0.4518
5.286E-9,0.4517
5.286E-9,0.4517
5.286E-9,0.4516
5.287E-9,0.4513
5.289E-9,0.4508
5.291E-9,0.4500
5.294E-9,0.4491
5.299E-9,0.4473
5.310E-9,0.4437
5.322E-9,0.4396
5.322E-9,0.4394
5.323E-9,0.4392
5.324E-9,0.4387
5.327E-9,0.4377
5.333E-9,0.4358
5.344E-9,0.4319
5.367E-9,0.4242
5.398E-9,0.4139
5.429E-9,0.4037
5.429E-9,0.4036
5.429E-9,0.4036
5.429E-9,0.4034
5.43E-9,0.4032
5.431E-9,0.4027
5.434E-9,0.4020
5.436E-9,0.4011
5.442E-9,0.3993
5.452E-9,0.3957
5.465E-9,0.3917
5.465E-9,0.3916
5.466E-9,0.3913
5.467E-9,0.3909
5.47E-9,0.3899
5.476E-9,0.3880
5.487E-9,0.3843
5.51E-9,0.3768
5.541E-9,0.3667
5.571E-9,0.3567
5.572E-9,0.3567
5.572E-9,0.3566
5.572E-9,0.3565
5.573E-9,0.3563
5.574E-9,0.3558
5.577E-9,0.3551
5.579E-9,0.3542
5.585E-9,0.3525
5.595E-9,0.3490
5.608E-9,0.3451
5.608E-9,0.3450
5.609E-9,0.3448
5.61E-9,0.3443
5.613E-9,0.3434
5.619E-9,0.3416
5.63E-9,0.3379
5.653E-9,0.3307
5.684E-9,0.3210
5.714E-9,0.3114
5.714E-9,0.3113
5.715E-9,0.3113
5.715E-9,0.3111
5.716E-9,0.3109
5.717E-9,0.3105
5.719E-9,0.3098
5.722E-9,0.3089
5.727E-9,0.3073
5.738E-9,0.3039
5.75E-9,0.3002
5.751E-9,0.3001
5.751E-9,0.2999
5.753E-9,0.2994
5.756E-9,0.2985
5.761E-9,0.2968
5.773E-9,0.2933
5.796E-9,0.2863
5.826E-9,0.2771
5.857E-9,0.2679
5.857E-9,0.2679
5.858E-9,0.2678
5.858E-9,0.2677
5.859E-9,0.2675
5.86E-9,0.2671
5.862E-9,0.2664
5.865E-9,0.2656
5.87E-9,0.2640
5.881E-9,0.2608
5.893E-9,0.2573
5.894E-9,0.2572
5.894E-9,0.2570
5.896E-9,0.2565
5.899E-9,0.2557
5.904E-9,0.2540
5.916E-9,0.2507
5.939E-9,0.2441
5.969E-9,0.2354
6.0E-9,0.2267
6.0E-9,0.2267
6.0E-9,0.2266
6.001E-9,0.2265
6.001E-9,0.2263
6.003E-9,0.2259
6.005E-9,0.2253
6.008E-9,0.2245
6.013E-9,0.2230
6.024E-9,0.2201
6.036E-9,0.2167
6.036E-9,0.2166
6.037E-9,0.2164
6.039E-9,0.2160
6.041E-9,0.2152
6.047E-9,0.2137
6.059E-9,0.2106
6.081E-9,0.2044
6.112E-9,0.1962
6.143E-9,0.1881
6.143E-9,0.1881
6.143E-9,0.1880
6.144E-9,0.1879
6.144E-9,0.1878
6.146E-9,0.1874
6.148E-9,0.1868
6.151E-9,0.1861
6.156E-9,0.1847
6.167E-9,0.1819
6.179E-9,0.1788
6.179E-9,0.1787
6.18E-9,0.1786
6.181E-9,0.1782
6.184E-9,0.1775
6.19E-9,0.1760
6.201E-9,0.1731
6.224E-9,0.1674
6.255E-9,0.1599
6.286E-9,0.1525
6.286E-9,0.1524
6.286E-9,0.1524
6.286E-9,0.1523
6.287E-9,0.1521
6.289E-9,0.1518
6.291E-9,0.1512
6.294E-9,0.1506
6.299E-9,0.1493
6.310E-9,0.1468
6.322E-9,0.1440
6.322E-9,0.1439
6.323E-9,0.1437
6.324E-9,0.1434
6.327E-9,0.1427
6.333E-9,0.1414
6.344E-9,0.1387
6.367E-9,0.1335
6.398E-9,0.1267
6.429E-9,0.1200
6.429E-9,0.1200
6.429E-9,0.1199
6.429E-9,0.1198
6.43E-9,0.1197
6.431E-9,0.1194
6.434E-9,0.1189
6.436E-9,0.1183
6.442E-9,0.1172
6.452E-9,0.1149
6.465E-9,0.1123
6.465E-9,0.1123
6.466E-9,0.1121
6.467E-9,0.1118
6.47E-9,0.1112
6.476E-9,0.1100
6.487E-9,0.1077
6.51E-9,0.1030
6.541E-9,0.09692
6.571E-9,0.09098
6.572E-9,0.09095
6.572E-9,0.09092
6.572E-9,0.09085
6.573E-9,0.09071
6.574E-9,0.09044
6.577E-9,0.09000
6.579E-9,0.08949
6.585E-9,0.08848
6.595E-9,0.08648
6.608E-9,0.08424
6.608E-9,0.08417
6.609E-9,0.08404
6.61E-9,0.08378
6.613E-9,0.08325
6.619E-9,0.08221
6.63E-9,0.08015
6.653E-9,0.07609
6.684E-9,0.07079
6.714E-9,0.06567
6.714E-9,0.06564
6.715E-9,0.06561
6.715E-9,0.06556
6.716E-9,0.06544
6.717E-9,0.06521
6.719E-9,0.06483
6.722E-9,0.06439
6.727E-9,0.06353
6.738E-9,0.06181
6.75E-9,0.05989
6.751E-9,0.05983
6.751E-9,0.05972
6.753E-9,0.05950
6.756E-9,0.05905
6.761E-9,0.05817
6.773E-9,0.05641
6.796E-9,0.05298
6.826E-9,0.04853
6.857E-9,0.04426
6.857E-9,0.04424
6.858E-9,0.04421
6.858E-9,0.04416
6.859E-9,0.04407
6.86E-9,0.04387
6.862E-9,0.04356
6.865E-9,0.04320
6.87E-9,0.04248
6.881E-9,0.04107
6.893E-9,0.03949
6.894E-9,0.03944
6.894E-9,0.03935
6.896E-9,0.03917
6.899E-9,0.03880
6.904E-9,0.03808
6.916E-9,0.03665
6.939E-9,0.03387
6.969E-9,0.03030
7.0E-9,0.02692
7.0E-9,0.02690
7.0E-9,0.02688
7.001E-9,0.02684
7.001E-9,0.02677
7.003E-9,0.02661
7.005E-9,0.02637
7.008E-9,0.02609
7.013E-9,0.02553
7.024E-9,0.02442
7.036E-9,0.02320
7.036E-9,0.02317
7.037E-9,0.02310
7.039E-9,0.02295
7.041E-9,0.02267
7.047E-9,0.02211
7.059E-9,0.02102
7.081E-9,0.01891
7.112E-9,0.01625
7.143E-9,0.01379
7.143E-9,0.01378
7.143E-9,0.01376
7.144E-9,0.01373
7.144E-9,0.01368
7.146E-9,0.01357
7.148E-9,0.01339
7.151E-9,0.01319
7.156E-9,0.01279
7.167E-9,0.01201
7.179E-9,0.01115
7.179E-9,0.01113
7.18E-9,0.01108
7.181E-9,0.01098
7.184E-9,0.01079
7.19E-9,0.01040
7.201E-9,9.65E-3
7.224E-9,8.232E-3
7.255E-9,6.504E-3
7.286E-9,4.978E-3
7.286E-9,4.969E-3
7.286E-9,4.961E-3
7.286E-9,4.945E-3
7.287E-9,4.912E-3
7.289E-9,4.846E-3
7.291E-9,4.74E-3
7.294E-9,4.62E-3
7.299E-9,4.383E-3
7.310E-9,3.929E-3
7.322E-9,3.444E-3
7.322E-9,3.431E-3
7.323E-9,3.403E-3
7.324E-9,3.349E-3
7.327E-9,3.241E-3
7.333E-9,3.030E-3
7.344E-9,2.63E-3
7.367E-9,1.915E-3
7.398E-9,1.132E-3
7.429E-9,5.538E-4
7.429E-9,5.51E-4
7.429E-9,5.483E-4
7.429E-9,5.428E-4
7.43E-9,5.319E-4
7.431E-9,5.104E-4
7.434E-9,4.764E-4
7.436E-9,4.387E-4
7.442E-9,3.679E-4
7.452E-9,2.449E-4
7.465E-9,1.357E-4
7.465E-9,1.33E-4
7.466E-9,1.276E-4
7.467E-9,1.172E-4
7.47E-9,9.771E-5
7.476E-9,6.403E-5
7.487E-9,1.795E-5
7.51E-9,1.086E-5
7.541E-9,1.8E-4
7.571E-9,5.538E-4
7.572E-9,5.566E-4
7.572E-9,5.594E-4
7.572E-9,5.649E-4
7.573E-9,5.762E-4
7.574E-9,5.99E-4
7.577E-9,6.459E-4
7.583E-9,7.452E-4
7.594E-9,9.648E-4
7.607E-9,1.254E-3
7.608E-9,1.262E-3
7.609E-9,1.279E-3
7.61E-9,1.313E-3
7.613E-9,1.382E-3
7.619E-9,1.526E-3
7.63E-9,1.834E-3
7.653E-9,2.535E-3
7.684E-9,3.654E-3
7.714E-9,4.978E-3
7.714E-9,4.986E-3
7.715E-9,4.994E-3
7.715E-9,5.011E-3
7.716E-9,5.044E-3
7.717E-9,5.111E-3
7.719E-9,5.221E-3
7.722E-9,5.349E-3
7.727E-9,5.609E-3
7.738E-9,6.149E-3
7.75E-9,6.791E-3
7.751E-9,6.810E-3
7.751E-9,6.849E-3
7.753E-9,6.927E-3
7.756E-9,7.084E-3
7.761E-9,7.403E-3
7.773E-9,8.063E-3
7.796E-9,9.466E-3
7.826E-9,0.01153
7.857E-9,0.01379
7.857E-9,0.01380
7.857E-9,0.01382
7.858E-9,0.01384
7.859E-9,0.01390
7.86E-9,0.01401
7.862E-9,0.01419
7.865E-9,0.01440
7.87E-9,0.01482
7.881E-9,0.01569
7.893E-9,0.01670
7.894E-9,0.01673
7.894E-9,0.01679
7.896E-9,0.01691
7.899E-9,0.01716
7.904E-9,0.01765
7.916E-9,0.01866
7.939E-9,0.02075
7.969E-9,0.02374
8.0E-9,0.02692
8.0E-9,0.02694
8.0E-9,0.02696
8.001E-9,0.02700
8.001E-9,0.02707
8.003E-9,0.02722
8.005E-9,0.02747
8.008E-9,0.02776
8.013E-9,0.02835
8.024E-9,0.02953
8.036E-9,0.03090
8.036E-9,0.03095
8.037E-9,0.03103
8.039E-9,0.03119
8.041E-9,0.03152
8.047E-9,0.03218
8.059E-9,0.03353
8.081E-9,0.03630
8.112E-9,0.04018
8.143E-9,0.04426
8.143E-9,0.04428
8.143E-9,0.04431
8.144E-9,0.04436
8.144E-9,0.04445
8.146E-9,0.04465
8.148E-9,0.04497
8.151E-9,0.04533
8.156E-9,0.04607
8.167E-9,0.04757
8.179E-9,0.04929
8.179E-9,0.04934
8.18E-9,0.04944
8.181E-9,0.04965
8.184E-9,0.05006
8.19E-9,0.05088
8.201E-9,0.05256
8.224E-9,0.05598
8.255E-9,0.06073
8.286E-9,0.06567
8.286E-9,0.06570
8.286E-9,0.06573
8.286E-9,0.06579
8.287E-9,0.06591
8.289E-9,0.06614
8.291E-9,0.06652
8.294E-9,0.06697
8.299E-9,0.06785
8.31E-9,0.06965
8.322E-9,0.07170
8.322E-9,0.07176
8.323E-9,0.07189
8.324E-9,0.07213
8.327E-9,0.07262
8.333E-9,0.07360
8.344E-9,0.07559
8.367E-9,0.07963
8.398E-9,0.08522
8.429E-9,0.09098
8.429E-9,0.09102
8.429E-9,0.09105
8.429E-9,0.09112
8.43E-9,0.09126
8.431E-9,0.09153
8.434E-9,0.09197
8.436E-9,0.09249
8.442E-9,0.09352
8.452E-9,0.09559
8.465E-9,0.09797
8.465E-9,0.09804
8.466E-9,0.09818
8.467E-9,0.09846
8.47E-9,0.09903
8.476E-9,0.1002
8.487E-9,0.1024
8.51E-9,0.1071
8.541E-9,0.1135
8.571E-9,0.1200
8.572E-9,0.1200
8.572E-9,0.1201
8.572E-9,0.1201
8.573E-9,0.1203
8.574E-9,0.1206
8.577E-9,0.1211
8.579E-9,0.1217
8.585E-9,0.1229
8.595E-9,0.1252
8.607E-9,0.1279
8.608E-9,0.1280
8.609E-9,0.1281
8.61E-9,0.1284
8.613E-9,0.1291
8.619E-9,0.1303
8.63E-9,0.1329
8.653E-9,0.1381
8.684E-9,0.1452
8.714E-9,0.1525
8.714E-9,0.1525
8.715E-9,0.1525
8.715E-9,0.1526
8.716E-9,0.1528
8.717E-9,0.1531
8.719E-9,0.1537
8.722E-9,0.1543
8.727E-9,0.1556
8.738E-9,0.1582
8.75E-9,0.1612
8.751E-9,0.1613
8.751E-9,0.1614
8.753E-9,0.1618
8.756E-9,0.1625
8.761E-9,0.1639
8.773E-9,0.1667
8.796E-9,0.1724
8.826E-9,0.1802
8.857E-9,0.1881
8.857E-9,0.1882
8.857E-9,0.1882
8.858E-9,0.1883
8.859E-9,0.1885
8.86E-9,0.1889
8.862E-9,0.1895
8.865E-9,0.1902
8.870E-9,0.1916
8.881E-9,0.1944
8.893E-9,0.1976
8.894E-9,0.1977
8.894E-9,0.1979
8.896E-9,0.1983
8.899E-9,0.1990
8.904E-9,0.2006
8.916E-9,0.2036
8.939E-9,0.2098
8.969E-9,0.2182
9.0E-9,0.2267
9.0E-9,0.2268
9.0E-9,0.2268
9.001E-9,0.2269
9.001E-9,0.2271
9.003E-9,0.2275
9.005E-9,0.2282
9.008E-9,0.2289
9.013E-9,0.2304
9.024E-9,0.2334
9.036E-9,0.2369
9.036E-9,0.2370
9.037E-9,0.2372
9.039E-9,0.2376
9.041E-9,0.2384
9.047E-9,0.2400
9.059E-9,0.2433
9.081E-9,0.2499
9.112E-9,0.2588
9.143E-9,0.2679
9.143E-9,0.2680
9.143E-9,0.2680
9.144E-9,0.2681
9.144E-9,0.2683
9.146E-9,0.2688
9.148E-9,0.2694
9.151E-9,0.2702
9.156E-9,0.2718
9.167E-9,0.2750
9.179E-9,0.2787
9.179E-9,0.2788
9.18E-9,0.2790
9.181E-9,0.2794
9.184E-9,0.2803
9.19E-9,0.2820
9.201E-9,0.2855
9.224E-9,0.2924
9.255E-9,0.3018
9.286E-9,0.3114
9.286E-9,0.3114
9.286E-9,0.3115
9.286E-9,0.3116
9.287E-9,0.3118
9.289E-9,0.3123
9.291E-9,0.3130
9.294E-9,0.3138
9.299E-9,0.3155
9.31E-9,0.3188
9.322E-9,0.3227
9.322E-9,0.3228
9.323E-9,0.3230
9.324E-9,0.3234
9.327E-9,0.3243
9.333E-9,0.3261
9.344E-9,0.3298
9.367E-9,0.3370
9.398E-9,0.3468
9.429E-9,0.3567
9.429E-9,0.3568
9.429E-9,0.3569
9.429E-9,0.3570
9.43E-9,0.3572
9.431E-9,0.3577
9.434E-9,0.3584
9.436E-9,0.3593
9.442E-9,0.3610
9.452E-9,0.3645
9.465E-9,0.3685
9.465E-9,0.3686
9.466E-9,0.3688
9.467E-9,0.3693
9.47E-9,0.3702
9.476E-9,0.3721
9.487E-9,0.3758
9.51E-9,0.3833
9.541E-9,0.3935
9.571E-9,0.4037
9.572E-9,0.4037
9.572E-9,0.4038
9.572E-9,0.4039
9.573E-9,0.4042
9.574E-9,0.4046
9.577E-9,0.4054
9.579E-9,0.4063
9.585E-9,0.4081
9.595E-9,0.4117
9.607E-9,0.4157
9.608E-9,0.4159
9.609E-9,0.4161
9.61E-9,0.4166
9.613E-9,0.4175
9.619E-9,0.4194
9.63E-9,0.4233
9.653E-9,0.4310
9.684E-9,0.4414
9.714E-9,0.4518
9.714E-9,0.4519
9.715E-9,0.4519
9.715E-9,0.4520
9.716E-9,0.4523
9.717E-9,0.4528
9.719E-9,0.4536
9.722E-9,0.4545
9.727E-9,0.4563
9.738E-9,0.4599
9.75E-9,0.4641
9.751E-9,0.4642
9.751E-9,0.4644
9.753E-9,0.4649
9.756E-9,0.4659
9.761E-9,0.4679
9.773E-9,0.4718
9.796E-9,0.4796
9.826E-9,0.4901
9.857E-9,0.5007
9.857E-9,0.5008
9.858E-9,0.5008
9.858E-9,0.5009
9.859E-9,0.5012
9.86E-9,0.5017
9.862E-9,0.5025
9.865E-9,0.5034
9.870E-9,0.5052
9.881E-9,0.5089
9.893E-9,0.5131
9.894E-9,0.5132
9.894E-9,0.5135
9.896E-9,0.5140
9.899E-9,0.5150
9.904E-9,0.5169
9.916E-9,0.5209
9.939E-9,0.5288
9.969E-9,0.5394
1.0E-8,0.5500
1.0E-8,0.5501
1.0E-8,0.5501
1.0E-8,0.5502
1.0E-8,0.5505
1.0E-8,0.5510
1.001E-8,0.5518
1.001E-8,0.5527
1.001E-8,0.5546
1.002E-8,0.5583
1.004E-8,0.5625
1.004E-8,0.5626
1.004E-8,0.5628
1.004E-8,0.5633
1.004E-8,0.5643
1.005E-8,0.5663
1.006E-8,0.5702
1.008E-8,0.5781
1.011E-8,0.5887
1.014E-8,0.5993
1.014E-8,0.5994
1.014E-8,0.5994
1.014E-8,0.5995
1.014E-8,0.5998
1.015E-8,0.6003
1.015E-8,0.6011
1.015E-8,0.6020
1.016E-8,0.6038
1.017E-8,0.6075
1.018E-8,0.6117
1.018E-8,0.6118
1.018E-8,0.6121
1.018E-8,0.6126
1.018E-8,0.6135
1.019E-8,0.6155
1.02E-8,0.6194
1.022E-8,0.6273
1.025E-8,0.6377
1.029E-8,0.6482
1.029E-8,0.6483
1.029E-8,0.6483
1.029E-8,0.6484
1.029E-8,0.6487
1.029E-8,0.6492
1.029E-8,0.6500
1.029E-8,0.6509
1.03E-8,0.6527
1.031E-8,0.6563
1.032E-8,0.6604
1.032E-8,0.6606
1.032E-8,0.6608
1.032E-8,0.6613
1.033E-8,0.6623
1.033E-8,0.6642
1.034E-8,0.6681
1.037E-8,0.6758
1.04E-8,0.6861
1.043E-8,0.6963
1.043E-8,0.6964
1.043E-8,0.6964
1.043E-8,0.6966
1.043E-8,0.6968
1.043E-8,0.6973
1.043E-8,0.6980
1.044E-8,0.6989
1.044E-8,0.7007
1.045E-8,0.7043
1.046E-8,0.7083
1.046E-8,0.7084
1.047E-8,0.7087
1.047E-8,0.7091
1.047E-8,0.7101
1.048E-8,0.7120
1.049E-8,0.7157
1.051E-8,0.7232
1.054E-8,0.7333
1.057E-8,0.7433
1.057E-8,0.7433
1.057E-8,0.7434
1.057E-8,0.7435
1.057E-8,0.7437
1.057E-8,0.7442
1.058E-8,0.7449
1.058E-8,0.7458
1.058E-8,0.7475
1.06E-8,0.7510
1.061E-8,0.7549
1.061E-8,0.7550
1.061E-8,0.7552
1.061E-8,0.7557
1.061E-8,0.7566
1.062E-8,0.7584
1.063E-8,0.7621
1.065E-8,0.7693
1.068E-8,0.7790
1.071E-8,0.7886
1.071E-8,0.7887
1.071E-8,0.7887
1.071E-8,0.7889
1.072E-8,0.7891
1.072E-8,0.7895
1.072E-8,0.7902
1.072E-8,0.7911
1.073E-8,0.7927
1.074E-8,0.7961
1.075E-8,0.7998
1.075E-8,0.7999
1.075E-8,0.8001
1.075E-8,0.8006
1.076E-8,0.8015
1.076E-8,0.8032
1.077E-8,0.8067
1.08E-8,0.8137
1.083E-8,0.8229
1.086E-8,0.8321
1.086E-8,0.8321
1.086E-8,0.8322
1.086E-8,0.8323
1.086E-8,0.8325
1.086E-8,0.8329
1.086E-8,0.8336
1.086E-8,0.8344
1.087E-8,0.8360
1.088E-8,0.8392
1.089E-8,0.8427
1.089E-8,0.8428
1.089E-8,0.8430
1.09E-8,0.8435
1.09E-8,0.8443
1.09E-8,0.8460
1.092E-8,0.8493
1.094E-8,0.8559
1.097E-8,0.8646
1.1E-8,0.8733
1.1E-8,0.8733
1.1E-8,0.8734
1.1E-8,0.8735
1.1E-8,0.8737
1.1E-8,0.8741
1.101E-8,0.8747
1.101E-8,0.8755
1.101E-8,0.8770
1.102E-8,0.8799
1.104E-8,0.8833
1.104E-8,0.8834
1.104E-8,0.8836
1.104E-8,0.8840
1.104E-8,0.8848
1.105E-8,0.8863
1.106E-8,0.8894
1.108E-8,0.8956
1.111E-8,0.9038
1.114E-8,0.9119
1.114E-8,0.9119
1.114E-8,0.9120
1.114E-8,0.9121
1.114E-8,0.9122
1.115E-8,0.9126
1.115E-8,0.9132
1.115E-8,0.9139
1.116E-8,0.9153
1.117E-8,0.9181
1.118E-8,0.9212
1.118E-8,0.9213
1.118E-8,0.9214
1.118E-8,0.9218
1.118E-8,0.9225
1.119E-8,0.9240
1.12E-8,0.9269
1.122E-8,0.9326
1.125E-8,0.9401
1.129E-8,0.9475
1.129E-8,0.9476
1.129E-8,0.9476
1.129E-8,0.9477
1.129E-8,0.9479
1.129E-8,0.9482
1.129E-8,0.9488
1.129E-8,0.9494
1.130E-8,0.9507
1.131E-8,0.9532
1.132E-8,0.9560
1.132E-8,0.9561
1.132E-8,0.9563
1.132E-8,0.9566
1.133E-8,0.9573
1.133E-8,0.9586
1.134E-8,0.9613
1.137E-8,0.9665
1.140E-8,0.9733
1.143E-8,0.9800
1.143E-8,0.9800
1.143E-8,0.9801
1.143E-8,0.9802
1.143E-8,0.9803
1.143E-8,0.9806
1.143E-8,0.9811
1.144E-8,0.9817
1.144E-8,0.9828
1.145E-8,0.9851
1.146E-8,0.9877
1.146E-8,0.9877
1.147E-8,0.9879
1.147E-8,0.9882
1.147E-8,0.9888
1.148E-8,0.9900
1.149E-8,0.9923
1.151E-8,0.9970
1.154E-8,1.003
1.157E-8,1.009
1.157E-8,1.009
1.157E-8,1.009
1.157E-8,1.009
1.157E-8,1.009
1.157E-8,1.010
1.158E-8,1.010
1.158E-8,1.011
1.158E-8,1.012
1.16E-8,1.014
1.161E-8,1.016
1.161E-8,1.016
1.161E-8,1.016
1.161E-8,1.016
1.161E-8,1.017
1.162E-8,1.018
1.163E-8,1.020
1.165E-8,1.024
1.168E-8,1.029
1.171E-8,1.034
1.171E-8,1.034
1.171E-8,1.034
1.171E-8,1.034
1.172E-8,1.035
1.172E-8,1.035
1.172E-8,1.035
1.172E-8,1.036
1.173E-8,1.036
1.174E-8,1.038
1.175E-8,1.040
1.175E-8,1.040
1.175E-8,1.040
1.175E-8,1.041
1.176E-8,1.041
1.176E-8,1.042
1.177E-8,1.044
1.18E-8,1.047
1.183E-8,1.051
1.186E-8,1.056
1.186E-8,1.056
1.186E-8,1.056
1.186E-8,1.056
1.186E-8,1.056
1.186E-8,1.056
1.186E-8,1.056
1.186E-8,1.057
1.187E-8,1.058
1.188E-8,1.059
1.189E-8,1.061
1.189E-8,1.061
1.189E-8,1.061
1.19E-8,1.061
1.19E-8,1.061
1.19E-8,1.062
1.192E-8,1.063
1.194E-8,1.066
1.197E-8,1.070
1.2E-8,1.073
1.2E-8,1.073
1.2E-8,1.073
1.2E-8,1.073
1.2E-8,1.073
1.2E-8,1.073
1.201E-8,1.074
1.201E-8,1.074
1.201E-8,1.074
1.202E-8,1.076
1.204E-8,1.077
1.204E-8,1.077
1.204E-8,1.077
1.204E-8,1.077
1.204E-8,1.077
1.205E-8,1.078
1.206E-8,1.079
1.208E-8,1.081
1.211E-8,1.084
1.214E-8,1.086
1.214E-8,1.086
1.214E-8,1.086
1.214E-8,1.086
1.214E-8,1.086
1.215E-8,1.086
1.215E-8,1.087
1.215E-8,1.087
1.216E-8,1.087
1.217E-8,1.088
1.218E-8,1.089
1.218E-8,1.089
1.218E-8,1.089
1.218E-8,1.089
1.218E-8,1.089
1.219E-8,1.090
1.22E-8,1.090
1.222E-8,1.092
1.225E-8,1.093
1.229E-8,1.095
1.229E-8,1.095
1.229E-8,1.095
1.229E-8,1.095
1.229E-8,1.095
1.229E-8,1.095
1.229E-8,1.095
1.229E-8,1.095
1.23E-8,1.096
1.231E-8,1.096
1.232E-8,1.097
1.232E-8,1.097
1.232E-8,1.097
1.232E-8,1.097
1.233E-8,1.097
1.233E-8,1.097
1.234E-8,1.097
1.237E-8,1.098
1.24E-8,1.099
1.243E-8,1.099
1.243E-8,1.099
1.243E-8,1.099
1.243E-8,1.099
1.243E-8,1.099
1.243E-8,1.099
1.243E-8,1.100
1.244E-8,1.100
1.244E-8,1.100
1.245E-8,1.100
1.246E-8,1.100
1.246E-8,1.100
1.247E-8,1.100
1.247E-8,1.100
1.247E-8,1.100
1.248E-8,1.100
1.249E-8,1.100
1.251E-8,1.100
1.254E-8,1.100
1.257E-8,1.099
1.257E-8,1.099
1.257E-8,1.099
1.257E-8,1.099
1.257E-8,1.099
1.257E-8,1.099
1.258E-8,1.099
1.258E-8,1.099
1.259E-8,1.099
1.261E-8,1.099
1.261E-8,1.099
1.261E-8,1.099
1.261E-8,1.099
1.261E-8,1.099
1.262E-8,1.098
1.263E-8,1.098
1.265E-8,1.097
1.268E-8,1.096
1.271E-8,1.095
1.271E-8,1.095
1.271E-8,1.095
1.271E-8,1.095
1.272E-8,1.095
1.272E-8,1.095
1.272E-8,1.095
1.272E-8,1.095
1.273E-8,1.094
1.274E-8,1.094
1.275E-8,1.093
1.275E-8,1.093
1.275E-8,1.093
1.275E-8,1.093
1.276E-8,1.093
1.276E-8,1.093
1.277E-8,1.092
1.28E-8,1.091
1.283E-8,1.088
1.286E-8,1.086
1.286E-8,1.086
1.286E-8,1.086
1.286E-8,1.086
1.286E-8,1.086
1.286E-8,1.086
1.286E-8,1.086
1.286E-8,1.086
1.287E-8,1.085
1.288E-8,1.084
1.289E-8,1.083
1.289E-8,1.083
1.289E-8,1.083
1.29E-8,1.083
1.29E-8,1.083
1.29E-8,1.082
1.292E-8,1.081
1.294E-8,1.079
1.297E-8,1.076
1.3E-8,1.073
1.3E-8,1.073
1.3E-8,1.073
1.3E-8,1.073
1.3E-8,1.073
1.3E-8,1.073
1.301E-8,1.073
1.301E-8,1.072
1.301E-8,1.072
1.302E-8,1.070
1.304E-8,1.069
1.304E-8,1.069
1.304E-8,1.069
1.304E-8,1.069
1.304E-8,1.068
1.305E-8,1.068
1.306E-8,1.066
1.308E-8,1.064
1.311E-8,1.060
1.314E-8,1.056
1.314E-8,1.056
1.314E-8,1.056
1.314E-8,1.056
1.314E-8,1.056
1.315E-8,1.055
1.315E-8,1.055
1.315E-8,1.055
1.316E-8,1.054
1.317E-8,1.052
1.318E-8,1.051
1.318E-8,1.051
1.318E-8,1.051
1.318E-8,1.050
1.318E-8,1.050
1.319E-8,1.049
1.32E-8,1.047
1.322E-8,1.044
1.325E-8,1.039
1.329E-8,1.034
1.329E-8,1.034
1.329E-8,1.034
1.329E-8,1.034
1.329E-8,1.034
1.329E-8,1.034
1.329E-8,1.033
1.329E-8,1.033
1.33E-8,1.032
1.331E-8,1.030
1.332E-8,1.028
1.332E-8,1.028
1.332E-8,1.028
1.332E-8,1.028
1.333E-8,1.027
1.333E-8,1.026
1.334E-8,1.024
1.337E-8,1.020
1.34E-8,1.015
1.343E-8,1.009
1.343E-8,1.009
1.343E-8,1.009
1.343E-8,1.009
1.343E-8,1.009
1.343E-8,1.008
1.343E-8,1.008
1.344E-8,1.008
1.344E-8,1.006
1.345E-8,1.004
1.346E-8,1.002
1.346E-8,1.002
1.347E-8,1.002
1.347E-8,1.002
1.347E-8,1.001
1.348E-8,0.9998
1.349E-8,0.9976
1.351E-8,0.9929
1.354E-8,0.9865
1.357E-8,0.9800
1.357E-8,0.9800
1.357E-8,0.9799
1.357E-8,0.9799
1.357E-8,0.9797
1.357E-8,0.9794
1.358E-8,0.9789
1.358E-8,0.9783
1.358E-8,0.9771
1.36E-8,0.9748
1.361E-8,0.9721
1.361E-8,0.9720
1.361E-8,0.9719
1.361E-8,0.9716
1.361E-8,0.9709
1.362E-8,0.9697
1.363E-8,0.9671
1.365E-8,0.9619
1.368E-8,0.9548
1.371E-8,0.9475
1.371E-8,0.9475
1.371E-8,0.9475
1.371E-8,0.9474
1.372E-8,0.9472
1.372E-8,0.9469
1.372E-8,0.9463
1.372E-8,0.9457
1.373E-8,0.9444
1.374E-8,0.9418
1.375E-8,0.9388
1.375E-8,0.9387
1.375E-8,0.9386
1.375E-8,0.9382
1.376E-8,0.9375
1.376E-8,0.9361
1.377E-8,0.9333
1.380E-8,0.9276
1.383E-8,0.9198
1.386E-8,0.9119
1.386E-8,0.9118
1.386E-8,0.9118
1.386E-8,0.9117
1.386E-8,0.9115
1.386E-8,0.9111
1.386E-8,0.9105
1.386E-8,0.9098
1.387E-8,0.9084
1.388E-8,0.9056
1.389E-8,0.9024
1.389E-8,0.9023
1.389E-8,0.9021
1.390E-8,0.9017
1.390E-8,0.9010
1.390E-8,0.8994
1.392E-8,0.8964
1.394E-8,0.8902
1.397E-8,0.8818
1.400E-8,0.8733
1.400E-8,0.8732
1.400E-8,0.8732
1.400E-8,0.8731
1.400E-8,0.8729
1.400E-8,0.8725
1.401E-8,0.8718
1.401E-8,0.8711
1.401E-8,0.8696
1.402E-8,0.8666
1.404E-8,0.8631
1.404E-8,0.8630
1.404E-8,0.8628
1.404E-8,0.8624
1.404E-8,0.8616
1.405E-8,0.8600
1.406E-8,0.8567
1.408E-8,0.8501
1.411E-8,0.8412
1.414E-8,0.8321
1.414E-8,0.8320
1.414E-8,0.8320
1.414E-8,0.8319
1.414E-8,0.8317
1.415E-8,0.8312
1.415E-8,0.8306
1.415E-8,0.8298
1.416E-8,0.8282
1.417E-8,0.8250
1.418E-8,0.8213
1.418E-8,0.8212
1.418E-8,0.8210
1.418E-8,0.8206
1.418E-8,0.8197
1.419E-8,0.8180
1.42E-8,0.8145
1.422E-8,0.8076
1.425E-8,0.7982
1.429E-8,0.7886
1.429E-8,0.7886
1.429E-8,0.7885
1.429E-8,0.7884
1.429E-8,0.7882
1.429E-8,0.7877
1.429E-8,0.7870
1.429E-8,0.7862
1.43E-8,0.7845
1.431E-8,0.7812
1.432E-8,0.7773
1.432E-8,0.7772
1.432E-8,0.7770
1.432E-8,0.7766
1.433E-8,0.7757
1.433E-8,0.7739
1.434E-8,0.7702
1.437E-8,0.7630
1.44E-8,0.7532
1.443E-8,0.7433
1.443E-8,0.7432
1.443E-8,0.7431
1.443E-8,0.7430
1.443E-8,0.7428
1.443E-8,0.7423
1.443E-8,0.7416
1.444E-8,0.7407
1.444E-8,0.7390
1.445E-8,0.7355
1.446E-8,0.7315
1.446E-8,0.7314
1.447E-8,0.7312
1.447E-8,0.7307
1.447E-8,0.7298
1.448E-8,0.7279
1.449E-8,0.7242
1.451E-8,0.7167
1.454E-8,0.7065
1.457E-8,0.6963
1.457E-8,0.6963
1.457E-8,0.6962
1.457E-8,0.6961
1.457E-8,0.6958
1.457E-8,0.6954
1.458E-8,0.6946
1.458E-8,0.6937
1.458E-8,0.6919
1.46E-8,0.6883
1.461E-8,0.6843
1.461E-8,0.6841
1.461E-8,0.6839
1.461E-8,0.6834
1.461E-8,0.6825
1.462E-8,0.6806
1.463E-8,0.6767
1.465E-8,0.6690
1.468E-8,0.6586
1.471E-8,0.6482
1.471E-8,0.6481
1.471E-8,0.6481
1.471E-8,0.6480
1.472E-8,0.6477
1.472E-8,0.6472
1.472E-8,0.6464
1.472E-8,0.6455
1.473E-8,0.6437
1.474E-8,0.6401
1.475E-8,0.6359
1.475E-8,0.6358
1.475E-8,0.6356
1.475E-8,0.6351
1.476E-8,0.6341
1.476E-8,0.6321
1.477E-8,0.6282
1.48E-8,0.6204
1.483E-8,0.6099
1.486E-8,0.5993
1.486E-8,0.5992
1.486E-8,0.5992
1.486E-8,0.5991
1.486E-8,0.5988
1.486E-8,0.5983
1.486E-8,0.5975
1.486E-8,0.5966
1.487E-8,0.5948
1.488E-8,0.5911
1.489E-8,0.5869
1.489E-8,0.5868
1.489E-8,0.5865
1.49E-8,0.5860
1.49E-8,0.5850
1.49E-8,0.5831
1.492E-8,0.5791
1.494E-8,0.5712
1.497E-8,0.5606
1.5E-8,0.5500
1.5E-8,0.5499
1.5E-8,0.5499
1.5E-8,0.5498
1.5E-8,0.5495
1.5E-8,0.5490
1.501E-8,0.5482
1.501E-8,0.5473
1.501E-8,0.5454
1.502E-8,0.5417
1.504E-8,0.5375
1.504E-8,0.5374
1.504E-8,0.5372
1.504E-8,0.5367
1.504E-8,0.5357
1.505E-8,0.5337
1.506E-8,0.5298
1.508E-8,0.5219
1.511E-8,0.5113
1.514E-8,0.5007
1.514E-8,0.5006
1.514E-8,0.5006
1.514E-8,0.5005
1.514E-8,0.5002
1.515E-8,0.4997
1.515E-8,0.4989
1.515E-8,0.4980
1.516E-8,0.4962
1.517E-8,0.4925
1.518E-8,0.4883
1.518E-8,0.4882
1.518E-8,0.4879
1.518E-8,0.4874
1.518E-8,0.4865
1.519E-8,0.4845
1.52E-8,0.4806
1.522E-8,0.4727
1.526E-8,0.4623
1.529E-8,0.4518
1.529E-8,0.4517
1.529E-8,0.4517
1.529E-8,0.4516
1.529E-8,0.4513
1.529E-8,0.4508
1.529E-8,0.4500
1.529E-8,0.4491
1.53E-8,0.4473
1.531E-8,0.4437
1.532E-8,0.4396
1.532E-8,0.4394
1.532E-8,0.4392
1.532E-8,0.4387
1.533E-8,0.4377
1.533E-8,0.4358
1.534E-8,0.4319
1.537E-8,0.4242
1.54E-8,0.4139
1.543E-8,0.4037
1.543E-8,0.4036
1.543E-8,0.4036
1.543E-8,0.4034
1.543E-8,0.4032
1.543E-8,0.4027
1.543E-8,0.4020
1.544E-8,0.4011
1.544E-8,0.3993
1.545E-8,0.3957
1.546E-8,0.3917
1.547E-8,0.3916
1.547E-8,0.3913
1.547E-8,0.3909
1.547E-8,0.3899
1.548E-8,0.3880
1.549E-8,0.3843
1.551E-8,0.3768
1.554E-8,0.3667
1.557E-8,0.3567
1.557E-8,0.3567
1.557E-8,0.3566
1.557E-8,0.3565
1.557E-8,0.3563
1.557E-8,0.3558
1.558E-8,0.3551
1.558E-8,0.3542
1.558E-8,0.3525
1.56E-8,0.3490
1.561E-8,0.3451
1.561E-8,0.3450
1.561E-8,0.3448
1.561E-8,0.3443
1.561E-8,0.3434
1.562E-8,0.3416
1.563E-8,0.3379
1.565E-8,0.3307
1.568E-8,0.3210
1.571E-8,0.3114
1.571E-8,0.3113
1.571E-8,0.3113
1.571E-8,0.3111
1.572E-8,0.3109
1.572E-8,0.3105
1.572E-8,0.3098
1.572E-8,0.3089
1.573E-8,0.3073
1.574E-8,0.3039
1.575E-8,0.3002
1.575E-8,0.3001
1.575E-8,0.2999
1.575E-8,0.2994
1.576E-8,0.2985
1.576E-8,0.2968
1.577E-8,0.2933
1.58E-8,0.2863
1.583E-8,0.2771
1.586E-8,0.2679
1.586E-8,0.2679
1.586E-8,0.2678
1.586E-8,0.2677
1.586E-8,0.2675
1.586E-8,0.2671
1.586E-8,0.2664
1.586E-8,0.2656
1.587E-8,0.2640
1.588E-8,0.2608
1.589E-8,0.2573
1.589E-8,0.2572
1.589E-8,0.2570
1.59E-8,0.2565
1.59E-8,0.2557
1.59E-8,0.2540
1.592E-8,0.2507
1.594E-8,0.2441
1.597E-8,0.2354
1.6E-8,0.2267
1.6E-8,0.2267
1.6E-8,0.2266
1.6E-8,0.2265
1.6E-8,0.2263
1.6E-8,0.2259
1.601E-8,0.2253
1.601E-8,0.2245
1.601E-8,0.2230
1.602E-8,0.2201
1.604E-8,0.2167
1.604E-8,0.2166
1.604E-8,0.2164
1.604E-8,0.2160
1.604E-8,0.2152
1.605E-8,0.2137
1.606E-8,0.2106
1.608E-8,0.2044
1.611E-8,0.1962
1.614E-8,0.1881
1.614E-8,0.1881
1.614E-8,0.1880
1.614E-8,0.1879
1.614E-8,0.1878
1.615E-8,0.1874
1.615E-8,0.1868
1.615E-8,0.1861
1.616E-8,0.1847
1.617E-8,0.1819
1.618E-8,0.1788
1.618E-8,0.1787
1.618E-8,0.1786
1.618E-8,0.1782
1.618E-8,0.1775
1.619E-8,0.1760
1.62E-8,0.1731
1.622E-8,0.1674
1.626E-8,0.1599
1.629E-8,0.1525
1.629E-8,0.1524
1.629E-8,0.1524
1.629E-8,0.1523
1.629E-8,0.1521
1.629E-8,0.1518
1.629E-8,0.1512
1.629E-8,0.1506
1.630E-8,0.1493
1.631E-8,0.1468
1.632E-8,0.1440
1.632E-8,0.1439
1.632E-8,0.1437
1.632E-8,0.1434
1.633E-8,0.1427
1.633E-8,0.1414
1.634E-8,0.1387
1.637E-8,0.1335
1.640E-8,0.1267
1.643E-8,0.1200
1.643E-8,0.1200
1.643E-8,0.1199
1.643E-8,0.1198
1.643E-8,0.1197
1.643E-8,0.1194
1.643E-8,0.1189
1.644E-8,0.1183
1.644E-8,0.1172
1.645E-8,0.1149
1.646E-8,0.1123
1.646E-8,0.1123
1.647E-8,0.1121
1.647E-8,0.1118
1.647E-8,0.1112
1.648E-8,0.1100
1.649E-8,0.1077
1.651E-8,0.1030
1.654E-8,0.09692
1.657E-8,0.09098
1.657E-8,0.09095
1.657E-8,0.09092
1.657E-8,0.09085
1.657E-8,0.09071
1.657E-8,0.09044
1.658E-8,0.09000
1.658E-8,0.08949
1.658E-8,0.08848
1.660E-8,0.08648
1.661E-8,0.08424
1.661E-8,0.08417
1.661E-8,0.08404
1.661E-8,0.08378
1.661E-8,0.08325
1.662E-8,0.08221
1.663E-8,0.08015
1.665E-8,0.07609
1.668E-8,0.07079
1.671E-8,0.06567
1.671E-8,0.06564
1.671E-8,0.06561
1.671E-8,0.06556
1.672E-8,0.06544
1.672E-8,0.06521
1.672E-8,0.06483
1.672E-8,0.06439
1.673E-8,0.06353
1.674E-8,0.06181
1.675E-8,0.05989
1.675E-8,0.05983
1.675E-8,0.05972
1.675E-8,0.05950
1.676E-8,0.05905
1.676E-8,0.05817
1.677E-8,0.05641
1.68E-8,0.05298
1.683E-8,0.04853
1.686E-8,0.04426
1.686E-8,0.04424
1.686E-8,0.04421
1.686E-8,0.04416
1.686E-8,0.04407
1.686E-8,0.04387
1.686E-8,0.04356
1.686E-8,0.04320
1.687E-8,0.04248
1.688E-8,0.04107
1.689E-8,0.03949
1.689E-8,0.03944
1.689E-8,0.03935
1.69E-8,0.03917
1.69E-8,0.03880
1.69E-8,0.03808
1.692E-8,0.03665
1.694E-8,0.03387
1.697E-8,0.03030
1.7E-8,0.02692
1.7E-8,0.02690
1.7E-8,0.02688
1.7E-8,0.02684
1.7E-8,0.02677
1.7E-8,0.02661
1.701E-8,0.02637
1.701E-8,0.02609
1.701E-8,0.02553
1.702E-8,0.02442
1.704E-8,0.02320
1.704E-8,0.02317
1.704E-8,0.02310
1.704E-8,0.02295
1.704E-8,0.02267
1.705E-8,0.02211
1.706E-8,0.02102
1.708E-8,0.01891
1.711E-8,0.01625
1.714E-8,0.01379
1.714E-8,0.01378
1.714E-8,0.01376
1.714E-8,0.01373
1.714E-8,0.01368
1.715E-8,0.01357
1.715E-8,0.01339
1.715E-8,0.01319
1.716E-8,0.01279
1.717E-8,0.01201
1.718E-8,0.01115
1.718E-8,0.01113
1.718E-8,0.01108
1.718E-8,0.01098
1.718E-8,0.01079
1.719E-8,0.01040
1.72E-8,9.65E-3
1.722E-8,8.232E-3
1.726E-8,6.504E-3
1.729E-8,4.978E-3
1.729E-8,4.969E-3
1.729E-8,4.961E-3
1.729E-8,4.945E-3
1.729E-8,4.912E-3
1.729E-8,4.846E-3
1.729E-8,4.74E-3
1.729E-8,4.62E-3
1.73E-8,4.383E-3
1.731E-8,3.929E-3
1.732E-8,3.444E-3
1.732E-8,3.431E-3
1.732E-8,3.403E-3
1.732E-8,3.349E-3
1.733E-8,3.241E-3
1.733E-8,3.030E-3
1.734E-8,2.63E-3
1.737E-8,1.915E-3
1.74E-8,1.132E-3
1.743E-8,5.538E-4
1.743E-8,5.51E-4
1.743E-8,5.483E-4
1.743E-8,5.428E-4
1.743E-8,5.319E-4
1.743E-8,5.104E-4
1.743E-8,4.764E-4
1.744E-8,4.387E-4
1.744E-8,3.679E-4
1.745E-8,2.449E-4
1.746E-8,1.357E-4
1.747E-8,1.33E-4
1.747E-8,1.276E-4
1.747E-8,1.172E-4
1.747E-8,9.771E-5
1.748E-8,6.403E-5
1.749E-8,1.795E-5
1.751E-8,1.086E-5
1.754E-8,1.8E-4
1.757E-8,5.538E-4
1.757E-8,5.566E-4
1.757E-8,5.594E-4
1.757E-8,5.649E-4
1.757E-8,5.762E-4
1.757E-8,5.99E-4
1.758E-8,6.459E-4
1.758E-8,7.452E-4
1.759E-8,9.648E-4
1.761E-8,1.254E-3
1.761E-8,1.262E-3
1.761E-8,1.279E-3
1.761E-8,1.313E-3
1.761E-8,1.382E-3
1.762E-8,1.526E-3
1.763E-8,1.834E-3
1.765E-8,2.535E-3
1.768E-8,3.654E-3
1.771E-8,4.978E-3
1.771E-8,4.986E-3
1.771E-8,4.994E-3
1.771E-8,5.011E-3
1.772E-8,5.044E-3
1.772E-8,5.111E-3
1.772E-8,5.221E-3
1.772E-8,5.349E-3
1.773E-8,5.609E-3
1.774E-8,6.149E-3
1.775E-8,6.791E-3
1.775E-8,6.810E-3
1.775E-8,6.849E-3
1.775E-8,6.927E-3
1.776E-8,7.084E-3
1.776E-8,7.403E-3
1.777E-8,8.063E-3
1.78E-8,9.466E-3
1.783E-8,0.01153
1.786E-8,0.01379
1.786E-8,0.01380
1.786E-8,0.01382
1.786E-8,0.01384
1.786E-8,0.01390
1.786E-8,0.01401
1.786E-8,0.01419
1.786E-8,0.01440
1.787E-8,0.01482
1.788E-8,0.01569
1.789E-8,0.01670
1.789E-8,0.01673
1.789E-8,0.01679
1.79E-8,0.01691
1.79E-8,0.01716
1.79E-8,0.01765
1.792E-8,0.01866
1.794E-8,0.02075
1.797E-8,0.02374
1.8E-8,0.02692
1.8E-8,0.02694
1.8E-8,0.02696
1.8E-8,0.02700
1.8E-8,0.02707
1.8E-8,0.02722
1.801E-8,0.02747
1.801E-8,0.02776
1.801E-8,0.02835
1.802E-8,0.02953
1.804E-8,0.03090
1.804E-8,0.03095
1.804E-8,0.03103
1.804E-8,0.03119
1.804E-8,0.03152
1.805E-8,0.03218
1.806E-8,0.03353
1.808E-8,0.03630
1.811E-8,0.04018
1.814E-8,0.04426
1.814E-8,0.04428
1.814E-8,0.04431
1.814E-8,0.04436
1.814E-8,0.04445
1.815E-8,0.04465
1.815E-8,0.04497
1.815E-8,0.04533
1.816E-8,0.04607
1.817E-8,0.04757
1.818E-8,0.04929
1.818E-8,0.04934
1.818E-8,0.04944
1.818E-8,0.04965
1.818E-8,0.05006
1.819E-8,0.05088
1.82E-8,0.05256
1.822E-8,0.05598
1.826E-8,0.06073
1.829E-8,0.06567
1.829E-8,0.06570
1.829E-8,0.06573
1.829E-8,0.06579
1.829E-8,0.06591
1.829E-8,0.06614
1.829E-8,0.06652
1.829E-8,0.06697
1.83E-8,0.06785
1.831E-8,0.06965
1.832E-8,0.07170
1.832E-8,0.07176
1.832E-8,0.07189
1.832E-8,0.07213
1.833E-8,0.07262
1.833E-8,0.07360
1.834E-8,0.07559
1.837E-8,0.07963
1.84E-8,0.08522
1.843E-8,0.09098
1.843E-8,0.09102
1.843E-8,0.09105
1.843E-8,0.09112
1.843E-8,0.09126
1.843E-8,0.09153
1.843E-8,0.09197
1.844E-8,0.09249
1.844E-8,0.09352
1.845E-8,0.09559
1.846E-8,0.09797
1.847E-8,0.09804
1.847E-8,0.09818
1.847E-8,0.09846
1.847E-8,0.09903
1.848E-8,0.1002
1.849E-8,0.1024
1.851E-8,0.1071
1.854E-8,0.1135
1.857E-8,0.1200
1.857E-8,0.1200
1.857E-8,0.1201
1.857E-8,0.1201
1.857E-8,0.1203
1.857E-8,0.1206
1.858E-8,0.1211
1.858E-8,0.1217
1.858E-8,0.1229
1.86E-8,0.1252
1.861E-8,0.1279
1.861E-8,0.1280
1.861E-8,0.1281
1.861E-8,0.1284
1.861E-8,0.1291
1.862E-8,0.1303
1.863E-8,0.1329
1.865E-8,0.1381
1.868E-8,0.1452
1.871E-8,0.1525
1.871E-8,0.1525
1.871E-8,0.1525
1.871E-8,0.1526
1.872E-8,0.1528
1.872E-8,0.1531
1.872E-8,0.1537
1.872E-8,0.1543
1.873E-8,0.1556
1.874E-8,0.1582
1.875E-8,0.1612
1.875E-8,0.1613
1.875E-8,0.1614
1.875E-8,0.1618
1.876E-8,0.1625
1.876E-8,0.1639
1.877E-8,0.1667
1.880E-8,0.1724
1.883E-8,0.1802
1.886E-8,0.1881
1.886E-8,0.1882
1.886E-8,0.1882
1.886E-8,0.1883
1.886E-8,0.1885
1.886E-8,0.1889
1.886E-8,0.1895
1.886E-8,0.1902
1.887E-8,0.1916
1.888E-8,0.1944
1.889E-8,0.1976
1.889E-8,0.1977
1.889E-8,0.1979
1.890E-8,0.1983
1.890E-8,0.1990
1.890E-8,0.2006
1.892E-8,0.2036
1.894E-8,0.2098
1.897E-8,0.2182
1.900E-8,0.2267
1.900E-8,0.2268
1.900E-8,0.2268
1.900E-8,0.2269
1.900E-8,0.2271
1.900E-8,0.2275
1.901E-8,0.2282
1.901E-8,0.2289
1.901E-8,0.2304
1.902E-8,0.2334
1.904E-8,0.2369
1.904E-8,0.2370
1.904E-8,0.2372
1.904E-8,0.2376
1.904E-8,0.2384
1.905E-8,0.2400
1.906E-8,0.2433
1.908E-8,0.2499
1.911E-8,0.2588
1.914E-8,0.2679
1.914E-8,0.2680
1.914E-8,0.2680
1.914E-8,0.2681
1.914E-8,0.2683
1.915E-8,0.2688
1.915E-8,0.2694
1.915E-8,0.2702
1.916E-8,0.2718
1.917E-8,0.2750
1.918E-8,0.2787
1.918E-8,0.2788
1.918E-8,0.2790
1.918E-8,0.2794
1.918E-8,0.2803
1.919E-8,0.2820
1.92E-8,0.2855
1.922E-8,0.2924
1.926E-8,0.3018
1.929E-8,0.3114
1.929E-8,0.3114
1.929E-8,0.3115
1.929E-8,0.3116
1.929E-8,0.3118
1.929E-8,0.3123
1.929E-8,0.3130
1.929E-8,0.3138
1.93E-8,0.3155
1.931E-8,0.3188
1.932E-8,0.3227
1.932E-8,0.3228
1.932E-8,0.3230
1.932E-8,0.3234
1.933E-8,0.3243
1.933E-8,0.3261
1.934E-8,0.3298
1.937E-8,0.3370
1.94E-8,0.3468
1.943E-8,0.3567
1.943E-8,0.3568
1.943E-8,0.3569
1.943E-8,0.3570
1.943E-8,0.3572
1.943E-8,0.3577
1.943E-8,0.3584
1.944E-8,0.3593
1.944E-8,0.3610
1.945E-8,0.3645
1.946E-8,0.3685
1.947E-8,0.3686
1.947E-8,0.3688
1.947E-8,0.3693
1.947E-8,0.3702
1.948E-8,0.3721
1.949E-8,0.3758
1.951E-8,0.3833
1.954E-8,0.3935
1.957E-8,0.4037
1.957E-8,0.4037
1.957E-8,0.4038
1.957E-8,0.4039
1.957E-8,0.4042
1.957E-8,0.4046
1.958E-8,0.4054
1.958E-8,0.4063
1.958E-8,0.4081
1.96E-8,0.4117
1.961E-8,0.4157
1.961E-8,0.4159
1.961E-8,0.4161
1.961E-8,0.4166
1.961E-8,0.4175
1.962E-8,0.4194
1.963E-8,0.4233
1.965E-8,0.4310
1.968E-8,0.4414
1.971E-8,0.4518
1.971E-8,0.4519
1.971E-8,0.4519
1.971E-8,0.4520
1.972E-8,0.4523
1.972E-8,0.4528
1.972E-8,0.4536
1.972E-8,0.4545
1.973E-8,0.4563
1.974E-8,0.4599
1.975E-8,0.4641
1.975E-8,0.4642
1.975E-8,0.4644
1.975E-8,0.4649
1.976E-8,0.4659
1.976E-8,0.4679
1.977E-8,0.4718
1.98E-8,0.4796
1.983E-8,0.4901
1.986E-8,0.5007
1.986E-8,0.5008
1.986E-8,0.5008
1.986E-8,0.5009
1.986E-8,0.5012
1.986E-8,0.5017
1.986E-8,0.5025
1.986E-8,0.5034
1.987E-8,0.5052
1.988E-8,0.5089
1.989E-8,0.5131
1.989E-8,0.5132
1.989E-8,0.5135
1.99E-8,0.5140
1.99E-8,0.5150
1.99E-8,0.5169
1.992E-8,0.5209
1.994E-8,0.5288
1.997E-8,0.5394
2.0E-8,0.5500
2.0E-8,0.5501
2.0E-8,0.5501
2.0E-8,0.5502
2.0E-8,0.5505
2.0E-8,0.5510
2.001E-8,0.5518
2.001E-8,0.5527
2.001E-8,0.5546
2.002E-8,0.5583
2.004E-8,0.5625
2.004E-8,0.5626
2.004E-8,0.5628
2.004E-8,0.5633
2.004E-8,0.5643
2.005E-8,0.5663
2.006E-8,0.5702
2.008E-8,0.5781
2.011E-8,0.5887
2.014E-8,0.5993
2.014E-8,0.5994
2.014E-8,0.5994
2.014E-8,0.5995
2.014E-8,0.5998
2.015E-8,0.6003
2.015E-8,0.6011
2.015E-8,0.6020
2.016E-8,0.6038
2.017E-8,0.6075
2.018E-8,0.6117
2.018E-8,0.6118
2.018E-8,0.6121
2.018E-8,0.6126
2.018E-8,0.6135
2.019E-8,0.6155
2.02E-8,0.6194
2.022E-8,0.6273
2.026E-8,0.6377
2.029E-8,0.6482
2.029E-8,0.6483
2.029E-8,0.6483
2.029E-8,0.6484
2.029E-8,0.6487
2.029E-8,0.6492
2.029E-8,0.6500
2.029E-8,0.6509
2.030E-8,0.6527
2.031E-8,0.6563
2.032E-8,0.6604
2.032E-8,0.6606
2.032E-8,0.6608
2.032E-8,0.6613
2.033E-8,0.6623
2.033E-8,0.6642
2.034E-8,0.6681
2.037E-8,0.6758
2.04E-8,0.6861
2.043E-8,0.6963
2.043E-8,0.6964
2.043E-8,0.6964
2.043E-8,0.6966
2.043E-8,0.6968
2.043E-8,0.6973
2.043E-8,0.6980
2.044E-8,0.6989
2.044E-8,0.7007
2.045E-8,0.7043
2.046E-8,0.7083
2.047E-8,0.7084
2.047E-8,0.7087
2.047E-8,0.7091
2.047E-8,0.7101
2.048E-8,0.7120
2.049E-8,0.7157
2.051E-8,0.7232
2.054E-8,0.7333
2.057E-8,0.7433
2.057E-8,0.7433
2.057E-8,0.7434
2.057E-8,0.7435
2.057E-8,0.7437
2.057E-8,0.7442
2.058E-8,0.7449
2.058E-8,0.7458
2.058E-8,0.7475
2.06E-8,0.7510
2.061E-8,0.7549
2.061E-8,0.7550
2.061E-8,0.7552
2.061E-8,0.7557
2.061E-8,0.7566
2.062E-8,0.7584
2.063E-8,0.7621
2.065E-8,0.7693
2.068E-8,0.7790
2.071E-8,0.7886
2.071E-8,0.7887
2.071E-8,0.7887
2.071E-8,0.7889
2.072E-8,0.7891
2.072E-8,0.7895
2.072E-8,0.7902
2.072E-8,0.7911
2.073E-8,0.7927
2.074E-8,0.7961
2.075E-8,0.7998
2.075E-8,0.7999
2.075E-8,0.8001
2.075E-8,0.8006
2.076E-8,0.8015
2.076E-8,0.8032
2.077E-8,0.8067
2.08E-8,0.8137
2.083E-8,0.8229
2.086E-8,0.8321
2.086E-8,0.8321
2.086E-8,0.8322
2.086E-8,0.8323
2.086E-8,0.8325
2.086E-8,0.8329
2.086E-8,0.8336
2.086E-8,0.8344
2.087E-8,0.8360
2.088E-8,0.8392
2.089E-8,0.8427
2.089E-8,0.8428
2.089E-8,0.8430
2.09E-8,0.8435
2.09E-8,0.8443
2.09E-8,0.8460
2.092E-8,0.8493
2.094E-8,0.8559
2.097E-8,0.8646
2.1E-8,0.8733
2.1E-8,0.8733
2.1E-8,0.8734
2.1E-8,0.8735
2.1E-8,0.8737
2.1E-8,0.8741
2.101E-8,0.8747
2.101E-8,0.8755
2.101E-8,0.8770
2.102E-8,0.8799
2.104E-8,0.8833
2.104E-8,0.8834
2.104E-8,0.8836
2.104E-8,0.8840
2.104E-8,0.8848
2.105E-8,0.8863
2.106E-8,0.8894
2.108E-8,0.8956
2.111E-8,0.9038
2.114E-8,0.9119
2.114E-8,0.9119
2.114E-8,0.9120
2.114E-8,0.9121
2.114E-8,0.9122
2.115E-8,0.9126
2.115E-8,0.9132
2.115E-8,0.9139
2.116E-8,0.9153
2.117E-8,0.9181
2.118E-8,0.9212
2.118E-8,0.9213
2.118E-8,0.9214
2.118E-8,0.9218
2.118E-8,0.9225
2.119E-8,0.9240
2.12E-8,0.9269
2.122E-8,0.9326
2.126E-8,0.9401
2.129E-8,0.9475
2.129E-8,0.9476
2.129E-8,0.9476
2.129E-8,0.9477
2.129E-8,0.9479
2.129E-8,0.9482
2.129E-8,0.9488
2.129E-8,0.9494
2.13E-8,0.9507
2.131E-8,0.9532
2.132E-8,0.9560
2.132E-8,0.9561
2.132E-8,0.9563
2.132E-8,0.9566
2.133E-8,0.9573
2.133E-8,0.9586
2.134E-8,0.9613
2.137E-8,0.9665
2.14E-8,0.9733
2.143E-8,0.9800
2.143E-8,0.9800
2.143E-8,0.9801
2.143E-8,0.9802
2.143E-8,0.9803
2.143E-8,0.9806
2.143E-8,0.9811
2.144E-8,0.9817
2.144E-8,0.9828
2.145E-8,0.9851
2.146E-8,0.9877
2.147E-8,0.9877
2.147E-8,0.9879
2.147E-8,0.9882
2.147E-8,0.9888
2.148E-8,0.9900
2.149E-8,0.9923
2.151E-8,0.9970
2.154E-8,1.003
2.157E-8,1.009
2.157E-8,1.009
2.157E-8,1.009
2.157E-8,1.009
2.157E-8,1.009
2.157E-8,1.010
2.158E-8,1.010
2.158E-8,1.011
2.158E-8,1.012
2.16E-8,1.014
2.161E-8,1.016
2.161E-8,1.016
2.161E-8,1.016
2.161E-8,1.016
2.161E-8,1.017
2.162E-8,1.018
2.163E-8,1.020
2.165E-8,1.024
2.168E-8,1.029
2.171E-8,1.034
2.171E-8,1.034
2.171E-8,1.034
2.171E-8,1.034
2.172E-8,1.035
2.172E-8,1.035
2.172E-8,1.035
2.172E-8,1.036
2.173E-8,1.036
2.174E-8,1.038
2.175E-8,1.040
2.175E-8,1.040
2.175E-8,1.040
2.175E-8,1.041
2.176E-8,1.041
2.176E-8,1.042
2.177E-8,1.044
2.18E-8,1.047
2.183E-8,1.051
2.186E-8,1.056
2.186E-8,1.056
2.186E-8,1.056
2.186E-8,1.056
2.186E-8,1.056
2.186E-8,1.056
2.186E-8,1.056
2.186E-8,1.057
2.187E-8,1.058
2.188E-8,1.059
2.189E-8,1.061
2.189E-8,1.061
2.189E-8,1.061
2.19E-8,1.061
2.19E-8,1.061
2.19E-8,1.062
2.192E-8,1.063
2.194E-8,1.066
2.197E-8,1.070
2.2E-8,1.073
2.2E-8,1.073
2.2E-8,1.073
2.2E-8,1.073
2.2E-8,1.073
2.2E-8,1.073
2.201E-8,1.074
2.201E-8,1.074
2.201E-8,1.074
2.202E-8,1.076
2.204E-8,1.077
2.204E-8,1.077
2.204E-8,1.077
2.204E-8,1.077
2.204E-8,1.077
2.205E-8,1.078
2.206E-8,1.079
2.208E-8,1.081
2.211E-8,1.084
2.214E-8,1.086
2.214E-8,1.086
2.214E-8,1.086
2.214E-8,1.086
2.214E-8,1.086
2.215E-8,1.086
2.215E-8,1.087
2.215E-8,1.087
2.216E-8,1.087
2.217E-8,1.088
2.218E-8,1.089
2.218E-8,1.089
2.218E-8,1.089
2.218E-8,1.089
2.218E-8,1.089
2.219E-8,1.090
2.22E-8,1.090
2.222E-8,1.092
2.226E-8,1.093
2.229E-8,1.095
2.229E-8,1.095
2.229E-8,1.095
2.229E-8,1.095
2.229E-8,1.095
2.229E-8,1.095
2.229E-8,1.095
2.229E-8,1.095
2.23E-8,1.096
2.231E-8,1.096
2.232E-8,1.097
2.232E-8,1.097
2.232E-8,1.097
2.232E-8,1.097
2.233E-8,1.097
2.233E-8,1.097
2.234E-8,1.097
2.237E-8,1.098
2.24E-8,1.099
2.243E-8,1.099
2.243E-8,1.099
2.243E-8,1.099
2.243E-8,1.099
2.243E-8,1.099
2.243E-8,1.099
2.243E-8,1.100
2.244E-8,1.100
2.244E-8,1.100
2.245E-8,1.100
2.246E-8,1.100
2.247E-8,1.100
2.247E-8,1.100
2.247E-8,1.100
2.247E-8,1.100
2.248E-8,1.100
2.249E-8,1.100
2.251E-8,1.100
2.254E-8,1.100
2.257E-8,1.099
2.257E-8,1.099
2.257E-8,1.099
2.257E-8,1.099
2.257E-8,1.099
2.257E-8,1.099
2.258E-8,1.099
2.258E-8,1.099
2.259E-8,1.099
2.261E-8,1.099
2.261E-8,1.099
2.261E-8,1.099
2.261E-8,1.099
2.261E-8,1.099
2.262E-8,1.098
2.263E-8,1.098
2.265E-8,1.097
2.268E-8,1.096
2.271E-8,1.095
2.271E-8,1.095
2.271E-8,1.095
2.271E-8,1.095
2.272E-8,1.095
2.272E-8,1.095
2.272E-8,1.095
2.272E-8,1.095
2.273E-8,1.094
2.274E-8,1.094
2.275E-8,1.093
2.275E-8,1.093
2.275E-8,1.093
2.275E-8,1.093
2.276E-8,1.093
2.276E-8,1.093
2.277E-8,1.092
2.280E-8,1.091
2.283E-8,1.088
2.286E-8,1.086
2.286E-8,1.086
2.286E-8,1.086
2.286E-8,1.086
2.286E-8,1.086
2.286E-8,1.086
2.286E-8,1.086
2.286E-8,1.086
2.287E-8,1.085
2.288E-8,1.084
2.289E-8,1.083
2.289E-8,1.083
2.289E-8,1.083
2.29E-8,1.083
2.29E-8,1.083
2.29E-8,1.082
2.292E-8,1.081
2.294E-8,1.079
2.297E-8,1.076
2.300E-8,1.073
2.300E-8,1.073
2.300E-8,1.073
2.300E-8,1.073
2.300E-8,1.073
2.300E-8,1.073
2.301E-8,1.073
2.301E-8,1.072
2.301E-8,1.072
2.302E-8,1.070
2.304E-8,1.069
2.304E-8,1.069
2.304E-8,1.069
2.304E-8,1.069
2.304E-8,1.068
2.305E-8,1.068
2.306E-8,1.066
2.308E-8,1.064
2.311E-8,1.060
2.314E-8,1.056
2.314E-8,1.056
2.314E-8,1.056
2.314E-8,1.056
2.314E-8,1.056
2.315E-8,1.055
2.315E-8,1.055
2.315E-8,1.055
2.316E-8,1.054
2.317E-8,1.052
2.318E-8,1.051
2.318E-8,1.051
2.318E-8,1.051
2.318E-8,1.050
2.318E-8,1.050
2.319E-8,1.049
2.32E-8,1.047
2.322E-8,1.044
2.326E-8,1.039
2.329E-8,1.034
2.329E-8,1.034
2.329E-8,1.034
2.329E-8,1.034
2.329E-8,1.034
2.329E-8,1.034
2.329E-8,1.033
2.329E-8,1.033
2.33E-8,1.032
2.331E-8,1.030
2.332E-8,1.028
2.332E-8,1.028
2.332E-8,1.028
2.332E-8,1.028
2.333E-8,1.027
2.333E-8,1.026
2.334E-8,1.024
2.337E-8,1.020
2.34E-8,1.015
2.343E-8,1.009
2.343E-8,1.009
2.343E-8,1.009
2.343E-8,1.009
2.343E-8,1.009
2.343E-8,1.008
2.343E-8,1.008
2.344E-8,1.008
2.344E-8,1.006
2.345E-8,1.004
2.346E-8,1.002
2.347E-8,1.002
2.347E-8,1.002
2.347E-8,1.002
2.347E-8,1.001
2.348E-8,0.9998
2.349E-8,0.9976
2.351E-8,0.9929
2.354E-8,0.9865
2.357E-8,0.9800
2.357E-8,0.9800
2.357E-8,0.9799
2.357E-8,0.9799
2.357E-8,0.9797
2.357E-8,0.9794
2.358E-8,0.9789
2.358E-8,0.9783
2.358E-8,0.9771
2.36E-8,0.9748
2.361E-8,0.9721
2.361E-8,0.9720
2.361E-8,0.9719
2.361E-8,0.9716
2.361E-8,0.9709
2.362E-8,0.9697
2.363E-8,0.9671
2.365E-8,0.9619
2.368E-8,0.9548
2.371E-8,0.9475
2.371E-8,0.9475
2.371E-8,0.9475
2.371E-8,0.9474
2.372E-8,0.9472
2.372E-8,0.9469
2.372E-8,0.9463
2.372E-8,0.9457
2.373E-8,0.9444
2.374E-8,0.9418
2.375E-8,0.9388
2.375E-8,0.9387
2.375E-8,0.9386
2.375E-8,0.9382
2.376E-8,0.9375
2.376E-8,0.9361
2.377E-8,0.9333
2.38E-8,0.9276
2.383E-8,0.9198
2.386E-8,0.9119
2.386E-8,0.9118
2.386E-8,0.9118
2.386E-8,0.9117
2.386E-8,0.9115
2.386E-8,0.9111
2.386E-8,0.9105
2.386E-8,0.9098
2.387E-8,0.9084
2.388E-8,0.9056
2.389E-8,0.9024
2.389E-8,0.9023
2.389E-8,0.9021
2.39E-8,0.9017
2.39E-8,0.9010
2.39E-8,0.8994
2.392E-8,0.8964
2.394E-8,0.8902
2.397E-8,0.8818
2.4E-8,0.8733
2.4E-8,0.8732
2.4E-8,0.8732
2.4E-8,0.8731
2.4E-8,0.8729
2.4E-8,0.8725
2.401E-8,0.8718
2.401E-8,0.8711
2.401E-8,0.8696
2.402E-8,0.8666
2.404E-8,0.8631
2.404E-8,0.8630
2.404E-8,0.8628
2.404E-8,0.8624
2.404E-8,0.8616
2.405E-8,0.8600
2.406E-8,0.8567
2.408E-8,0.8501
2.411E-8,0.8412
2.414E-8,0.8321
2.414E-8,0.8320
2.414E-8,0.8320
2.414E-8,0.8319
2.414E-8,0.8317
2.415E-8,0.8312
2.415E-8,0.8306
2.415E-8,0.8298
2.416E-8,0.8282
2.417E-8,0.8250
2.418E-8,0.8213
2.418E-8,0.8212
2.418E-8,0.8210
2.418E-8,0.8206
2.418E-8,0.8197
2.419E-8,0.8180
2.42E-8,0.8145
2.422E-8,0.8076
2.426E-8,0.7982
2.429E-8,0.7886
2.429E-8,0.7886
2.429E-8,0.7885
2.429E-8,0.7884
2.429E-8,0.7882
2.429E-8,0.7877
2.429E-8,0.7870
2.429E-8,0.7862
2.43E-8,0.7845
2.431E-8,0.7812
2.432E-8,0.7773
2.432E-8,0.7772
2.432E-8,0.7770
2.432E-8,0.7766
2.433E-8,0.7757
2.433E-8,0.7739
2.434E-8,0.7702
2.437E-8,0.7630
2.44E-8,0.7532
2.443E-8,0.7433
2.443E-8,0.7432
2.443E-8,0.7431
2.443E-8,0.7430
2.443E-8,0.7428
2.443E-8,0.7423
2.443E-8,0.7416
2.444E-8,0.7407
2.444E-8,0.7390
2.445E-8,0.7355
2.446E-8,0.7315
2.447E-8,0.7314
2.447E-8,0.7312
2.447E-8,0.7307
2.447E-8,0.7298
2.448E-8,0.7279
2.449E-8,0.7242
2.451E-8,0.7167
2.454E-8,0.7065
2.457E-8,0.6963
2.457E-8,0.6963
2.457E-8,0.6962
2.457E-8,0.6961
2.457E-8,0.6958
2.457E-8,0.6954
2.458E-8,0.6946
2.458E-8,0.6937
2.458E-8,0.6919
2.46E-8,0.6883
2.461E-8,0.6843
2.461E-8,0.6841
2.461E-8,0.6839
2.461E-8,0.6834
2.461E-8,0.6825
2.462E-8,0.6806
2.463E-8,0.6767
2.465E-8,0.6690
2.468E-8,0.6586
2.471E-8,0.6482
2.471E-8,0.6481
2.471E-8,0.6481
2.471E-8,0.6480
2.472E-8,0.6477
2.472E-8,0.6472
2.472E-8,0.6464
2.472E-8,0.6455
2.473E-8,0.6437
2.474E-8,0.6401
2.475E-8,0.6359
2.475E-8,0.6358
2.475E-8,0.6356
2.475E-8,0.6351
2.476E-8,0.6341
2.476E-8,0.6321
2.477E-8,0.6282
2.48E-8,0.6204
2.483E-8,0.6099
2.486E-8,0.5993
2.486E-8,0.5992
2.486E-8,0.5992
2.486E-8,0.5991
2.486E-8,0.5988
2.486E-8,0.5983
2.486E-8,0.5975
2.486E-8,0.5966
2.487E-8,0.5948
2.488E-8,0.5911
2.489E-8,0.5869
2.489E-8,0.5868
2.489E-8,0.5865
2.49E-8,0.5860
2.49E-8,0.5850
2.49E-8,0.5831
2.492E-8,0.5791
2.494E-8,0.5712
2.497E-8,0.5606
2.5E-8,0.5500
2.5E-8,0.5499
2.5E-8,0.5499
2.5E-8,0.5498
2.5E-8,0.5495
2.5E-8,0.5490
2.501E-8,0.5482
2.501E-8,0.5473
2.501E-8,0.5454
2.502E-8,0.5417
2.504E-8,0.5375
2.504E-8,0.5374
2.504E-8,0.5372
2.504E-8,0.5367
2.504E-8,0.5357
2.505E-8,0.5337
2.506E-8,0.5298
2.508E-8,0.5219
2.511E-8,0.5113
2.514E-8,0.5007
2.514E-8,0.5006
2.514E-8,0.5006
2.514E-8,0.5005
2.514E-8,0.5002
2.515E-8,0.4997
2.515E-8,0.4989
2.515E-8,0.4980
2.516E-8,0.4962
2.517E-8,0.4925
2.518E-8,0.4883
2.518E-8,0.4882
2.518E-8,0.4879
2.518E-8,0.4874
2.518E-8,0.4865
2.519E-8,0.4845
2.52E-8,0.4806
2.522E-8,0.4727
2.526E-8,0.4623
2.529E-8,0.4518
2.529E-8,0.4517
2.529E-8,0.4517
2.529E-8,0.4516
2.529E-8,0.4513
2.529E-8,0.4508
2.529E-8,0.4500
2.529E-8,0.4491
2.530E-8,0.4473
2.531E-8,0.4437
2.532E-8,0.4396
2.532E-8,0.4394
2.532E-8,0.4392
2.532E-8,0.4387
2.533E-8,0.4377
2.533E-8,0.4358
2.534E-8,0.4319
2.537E-8,0.4242
2.54E-8,0.4139
2.543E-8,0.4037
2.543E-8,0.4036
2.543E-8,0.4036
2.543E-8,0.4034
2.543E-8,0.4032
2.543E-8,0.4027
2.543E-8,0.4020
2.544E-8,0.4011
2.544E-8,0.3993
2.545E-8,0.3957
2.546E-8,0.3917
2.547E-8,0.3916
2.547E-8,0.3913
2.547E-8,0.3909
2.547E-8,0.3899
2.548E-8,0.3880
2.549E-8,0.3843
2.551E-8,0.3768
2.554E-8,0.3667
2.557E-8,0.3567
2.557E-8,0.3567
2.557E-8,0.3566
2.557E-8,0.3565
2.557E-8,0.3563
2.557E-8,0.3558
2.558E-8,0.3551
2.558E-8,0.3542
2.558E-8,0.3525
2.56E-8,0.3490
2.561E-8,0.3451
2.561E-8,0.3450
2.561E-8,0.3448
2.561E-8,0.3443
2.561E-8,0.3434
2.562E-8,0.3416
2.563E-8,0.3379
2.565E-8,0.3307
2.568E-8,0.3210
2.571E-8,0.3114
2.571E-8,0.3113
2.571E-8,0.3113
2.571E-8,0.3111
2.572E-8,0.3109
2.572E-8,0.3105
2.572E-8,0.3098
2.572E-8,0.3089
2.573E-8,0.3073
2.574E-8,0.3039
2.575E-8,0.3002
2.575E-8,0.3001
2.575E-8,0.2999
2.575E-8,0.2994
2.576E-8,0.2985
2.576E-8,0.2968
2.577E-8,0.2933
2.58E-8,0.2863
2.583E-8,0.2771
2.586E-8,0.2679
2.586E-8,0.2679
2.586E-8,0.2678
2.586E-8,0.2677
2.586E-8,0.2675
2.586E-8,0.2671
2.586E-8,0.2664
2.586E-8,0.2656
2.587E-8,0.2640
2.588E-8,0.2608
2.589E-8,0.2573
2.589E-8,0.2572
2.589E-8,0.2570
2.59E-8,0.2565
2.59E-8,0.2557
2.59E-8,0.2540
2.592E-8,0.2507
2.594E-8,0.2441
2.597E-8,0.2354
2.6E-8,0.2267
2.6E-8,0.2267
2.6E-8,0.2266
2.6E-8,0.2265
2.6E-8,0.2263
2.6E-8,0.2259
2.601E-8,0.2253
2.601E-8,0.2245
2.601E-8,0.2230
2.602E-8,0.2201
2.604E-8,0.2167
2.604E-8,0.2166
2.604E-8,0.2164
2.604E-8,0.2160
2.604E-8,0.2152
2.605E-8,0.2137
2.606E-8,0.2106
2.608E-8,0.2044
2.611E-8,0.1962
2.614E-8,0.1881
2.614E-8,0.1881
2.614E-8,0.1880
2.614E-8,0.1879
2.614E-8,0.1878
2.615E-8,0.1874
2.615E-8,0.1868
2.615E-8,0.1861
2.616E-8,0.1847
2.617E-8,0.1819
2.618E-8,0.1788
2.618E-8,0.1787
2.618E-8,0.1786
2.618E-8,0.1782
2.618E-8,0.1775
2.619E-8,0.1760
2.62E-8,0.1731
2.622E-8,0.1674
2.626E-8,0.1599
2.629E-8,0.1525
2.629E-8,0.1524
2.629E-8,0.1524
2.629E-8,0.1523
2.629E-8,0.1521
2.629E-8,0.1518
2.629E-8,0.1512
2.629E-8,0.1506
2.63E-8,0.1493
2.631E-8,0.1468
2.632E-8,0.1440
2.632E-8,0.1439
2.632E-8,0.1437
2.632E-8,0.1434
2.633E-8,0.1427
2.633E-8,0.1414
2.634E-8,0.1387
2.637E-8,0.1335
2.64E-8,0.1267
2.643E-8,0.1200
2.643E-8,0.1200
2.643E-8,0.1199
2.643E-8,0.1198
2.643E-8,0.1197
2.643E-8,0.1194
2.643E-8,0.1189
2.644E-8,0.1183
2.644E-8,0.1172
2.645E-8,0.1149
2.646E-8,0.1123
2.647E-8,0.1123
2.647E-8,0.1121
2.647E-8,0.1118
2.647E-8,0.1112
2.648E-8,0.1100
2.649E-8,0.1077
2.651E-8,0.1030
2.654E-8,0.09692
2.657E-8,0.09098
2.657E-8,0.09095
2.657E-8,0.09092
2.657E-8,0.09085
2.657E-8,0.09071
2.657E-8,0.09044
2.658E-8,0.09000
2.658E-8,0.08949
2.658E-8,0.08848
2.66E-8,0.08648
2.661E-8,0.08424
2.661E-8,0.08417
2.661E-8,0.08404
2.661E-8,0.08378
2.661E-8,0.08325
2.662E-8,0.08221
2.663E-8,0.08015
2.665E-8,0.07609
2.668E-8,0.07079
2.671E-8,0.06567
2.671E-8,0.06564
2.671E-8,0.06561
2.671E-8,0.06556
2.672E-8,0.06544
2.672E-8,0.06521
2.672E-8,0.06483
2.672E-8,0.06439
2.673E-8,0.06353
2.674E-8,0.06181
2.675E-8,0.05989
2.675E-8,0.05983
2.675E-8,0.05972
2.675E-8,0.05950
2.676E-8,0.05905
2.676E-8,0.05817
2.677E-8,0.05641
2.68E-8,0.05298
2.683E-8,0.04853
2.686E-8,0.04426
2.686E-8,0.04424
2.686E-8,0.04421
2.686E-8,0.04416
2.686E-8,0.04407
2.686E-8,0.04387
2.686E-8,0.04356
2.686E-8,0.04320
2.687E-8,0.04248
2.688E-8,0.04107
2.689E-8,0.03949
2.689E-8,0.03944
2.689E-8,0.03935
2.69E-8,0.03917
2.69E-8,0.03880
2.69E-8,0.03808
2.692E-8,0.03665
2.694E-8,0.03387
2.697E-8,0.03030
2.7E-8,0.02692
2.7E-8,0.02690
2.7E-8,0.02688
2.7E-8,0.02684
2.7E-8,0.02677
2.7E-8,0.02661
2.701E-8,0.02637
2.701E-8,0.02609
2.701E-8,0.02553
2.702E-8,0.02442
2.704E-8,0.02320
2.704E-8,0.02317
2.704E-8,0.02310
2.704E-8,0.02295
2.704E-8,0.02267
2.705E-8,0.02211
2.706E-8,0.02102
2.708E-8,0.01891
2.711E-8,0.01625
2.714E-8,0.01379
2.714E-8,0.01378
2.714E-8,0.01376
2.714E-8,0.01373
2.714E-8,0.01368
2.715E-8,0.01357
2.715E-8,0.01339
2.715E-8,0.01319
2.716E-8,0.01279
2.717E-8,0.01201
2.718E-8,0.01115
2.718E-8,0.01113
2.718E-8,0.01108
2.718E-8,0.01098
2.718E-8,0.01079
2.719E-8,0.01040
2.72E-8,9.65E-3
2.722E-8,8.232E-3
2.726E-8,6.504E-3
2.729E-8,4.978E-3
2.729E-8,4.969E-3
2.729E-8,4.961E-3
2.729E-8,4.945E-3
2.729E-8,4.912E-3
2.729E-8,4.846E-3
2.729E-8,4.74E-3
2.729E-8,4.62E-3
2.73E-8,4.383E-3
2.731E-8,3.929E-3
2.732E-8,3.444E-3
2.732E-8,3.431E-3
2.732E-8,3.403E-3
2.732E-8,3.349E-3
2.733E-8,3.241E-3
2.733E-8,3.030E-3
2.734E-8,2.63E-3
2.737E-8,1.915E-3
2.74E-8,1.132E-3
2.743E-8,5.538E-4
2.743E-8,5.51E-4
2.743E-8,5.483E-4
2.743E-8,5.428E-4
2.743E-8,5.319E-4
2.743E-8,5.104E-4
2.743E-8,4.764E-4
2.744E-8,4.387E-4
2.744E-8,3.679E-4
2.745E-8,2.449E-4
2.746E-8,1.357E-4
2.747E-8,1.33E-4
2.747E-8,1.276E-4
2.747E-8,1.172E-4
2.747E-8,9.771E-5
2.748E-8,6.403E-5
2.749E-8,1.795E-5
2.751E-8,1.086E-5
2.754E-8,1.8E-4
2.757E-8,5.538E-4
2.757E-8,5.566E-4
2.757E-8,5.594E-4
2.757E-8,5.649E-4
2.757E-8,5.762E-4
2.757E-8,5.99E-4
2.758E-8,6.459E-4
2.758E-8,7.452E-4
2.759E-8,9.648E-4
2.761E-8,1.254E-3
2.761E-8,1.262E-3
2.761E-8,1.279E-3
2.761E-8,1.313E-3
2.761E-8,1.382E-3
2.762E-8,1.526E-3
2.763E-8,1.834E-3
2.765E-8,2.535E-3
2.768E-8,3.654E-3
2.771E-8,4.978E-3
2.771E-8,4.986E-3
2.771E-8,4.994E-3
2.771E-8,5.011E-3
2.772E-8,5.044E-3
2.772E-8,5.111E-3
2.772E-8,5.221E-3
2.772E-8,5.349E-3
2.773E-8,5.609E-3
2.774E-8,6.149E-3
2.775E-8,6.791E-3
2.775E-8,6.810E-3
2.775E-8,6.849E-3
2.775E-8,6.927E-3
2.776E-8,7.084E-3
2.776E-8,7.403E-3
2.777E-8,8.063E-3
2.780E-8,9.466E-3
2.783E-8,0.01153
2.786E-8,0.01379
2.786E-8,0.01380
2.786E-8,0.01382
2.786E-8,0.01384
2.786E-8,0.01390
2.786E-8,0.01401
2.786E-8,0.01419
2.786E-8,0.01440
2.787E-8,0.01482
2.788E-8,0.01569
2.789E-8,0.01670
2.789E-8,0.01673
2.789E-8,0.01679
2.79E-8,0.01691
2.79E-8,0.01716
2.79E-8,0.01765
2.792E-8,0.01866
2.794E-8,0.02075
2.797E-8,0.02374
2.800E-8,0.02692
2.800E-8,0.02694
2.800E-8,0.02696
2.800E-8,0.02700
2.800E-8,0.02707
2.800E-8,0.02722
2.801E-8,0.02747
2.801E-8,0.02776
2.801E-8,0.02835
2.802E-8,0.02953
2.804E-8,0.03090
2.804E-8,0.03095
2.804E-8,0.03103
2.804E-8,0.03119
2.804E-8,0.03152
2.805E-8,0.03218
2.806E-8,0.03353
2.808E-8,0.03630
2.811E-8,0.04018
2.814E-8,0.04426
2.814E-8,0.04428
2.814E-8,0.04431
2.814E-8,0.04436
2.814E-8,0.04445
2.815E-8,0.04465
2.815E-8,0.04497
2.815E-8,0.04533
2.816E-8,0.04607
2.817E-8,0.04757
2.818E-8,0.04929
2.818E-8,0.04934
2.818E-8,0.04944
2.818E-8,0.04965
2.818E-8,0.05006
2.819E-8,0.05088
2.82E-8,0.05256
2.822E-8,0.05598
2.826E-8,0.06073
2.829E-8,0.06567
2.829E-8,0.06570
2.829E-8,0.06573
2.829E-8,0.06579
2.829E-8,0.06591
2.829E-8,0.06614
2.829E-8,0.06652
2.829E-8,0.06697
2.83E-8,0.06785
2.831E-8,0.06965
2.832E-8,0.07170
2.832E-8,0.07176
2.832E-8,0.07189
2.832E-8,0.07213
2.833E-8,0.07262
2.833E-8,0.07360
2.834E-8,0.07559
2.837E-8,0.07963
2.84E-8,0.08522
2.843E-8,0.09098
2.843E-8,0.09102
2.843E-8,0.09105
2.843E-8,0.09112
2.843E-8,0.09126
2.843E-8,0.09153
2.843E-8,0.09197
2.844E-8,0.09249
2.844E-8,0.09352
2.845E-8,0.09559
2.846E-8,0.09797
2.847E-8,0.09804
2.847E-8,0.09818
2.847E-8,0.09846
2.847E-8,0.09903
2.848E-8,0.1002
2.849E-8,0.1024
2.851E-8,0.1071
2.854E-8,0.1135
2.857E-8,0.1200
2.857E-8,0.1200
2.857E-8,0.1201
2.857E-8,0.1201
2.857E-8,0.1203
2.857E-8,0.1206
2.858E-8,0.1211
2.858E-8,0.1217
2.858E-8,0.1229
2.86E-8,0.1252
2.861E-8,0.1279
2.861E-8,0.1280
2.861E-8,0.1281
2.861E-8,0.1284
2.861E-8,0.1291
2.862E-8,0.1303
2.863E-8,0.1329
2.865E-8,0.1381
2.868E-8,0.1452
2.871E-8,0.1525
2.871E-8,0.1525
2.871E-8,0.1525
2.871E-8,0.1526
2.872E-8,0.1528
2.872E-8,0.1531
2.872E-8,0.1537
2.872E-8,0.1543
2.873E-8,0.1556
2.874E-8,0.1582
2.875E-8,0.1612
2.875E-8,0.1613
2.875E-8,0.1614
2.875E-8,0.1618
2.876E-8,0.1625
2.876E-8,0.1639
2.877E-8,0.1667
2.88E-8,0.1724
2.883E-8,0.1802
2.886E-8,0.1881
2.886E-8,0.1882
2.886E-8,0.1882
2.886E-8,0.1883
2.886E-8,0.1885
2.886E-8,0.1889
2.886E-8,0.1895
2.886E-8,0.1902
2.887E-8,0.1916
2.888E-8,0.1944
2.889E-8,0.1976
2.889E-8,0.1977
2.889E-8,0.1979
2.89E-8,0.1983
2.89E-8,0.1990
2.89E-8,0.2006
2.892E-8,0.2036
2.894E-8,0.2098
2.897E-8,0.2182
2.9E-8,0.2267
2.9E-8,0.2268
2.9E-8,0.2268
2.9E-8,0.2269
2.9E-8,0.2271
2.9E-8,0.2275
2.901E-8,0.2282
2.901E-8,0.2289
2.901E-8,0.2304
2.902E-8,0.2334
2.904E-8,0.2369
2.904E-8,0.2370
2.904E-8,0.2372
2.904E-8,0.2376
2.904E-8,0.2384
2.905E-8,0.2400
2.906E-8,0.2433
2.908E-8,0.2499
2.911E-8,0.2588
2.914E-8,0.2679
2.914E-8,0.2680
2.914E-8,0.2680
2.914E-8,0.2681
2.914E-8,0.2683
2.915E-8,0.2688
2.915E-8,0.2694
2.915E-8,0.2702
2.916E-8,0.2718
2.917E-8,0.2750
2.918E-8,0.2787
2.918E-8,0.2788
2.918E-8,0.2790
2.918E-8,0.2794
2.918E-8,0.2803
2.919E-8,0.2820
2.92E-8,0.2855
2.922E-8,0.2924
2.926E-8,0.3018
2.929E-8,0.3114
2.929E-8,0.3114
2.929E-8,0.3115
2.929E-8,0.3116
2.929E-8,0.3118
2.929E-8,0.3123
2.929E-8,0.3130
2.929E-8,0.3138
2.93E-8,0.3155
2.931E-8,0.3188
2.932E-8,0.3227
2.932E-8,0.3228
2.932E-8,0.3230
2.932E-8,0.3234
2.933E-8,0.3243
2.933E-8,0.3261
2.934E-8,0.3298
2.937E-8,0.3370
2.94E-8,0.3468
2.943E-8,0.3567
2.943E-8,0.3568
2.943E-8,0.3569
2.943E-8,0.3570
2.943E-8,0.3572
2.943E-8,0.3577
2.943E-8,0.3584
2.944E-8,0.3593
2.944E-8,0.3610
2.945E-8,0.3645
2.946E-8,0.3685
2.947E-8,0.3686
2.947E-8,0.3688
2.947E-8,0.3693
2.947E-8,0.3702
2.948E-8,0.3721
2.949E-8,0.3758
2.951E-8,0.3833
2.954E-8,0.3935
2.957E-8,0.4037
2.957E-8,0.4037
2.957E-8,0.4038
2.957E-8,0.4039
2.957E-8,0.4042
2.957E-8,0.4046
2.958E-8,0.4054
2.958E-8,0.4063
2.958E-8,0.4081
2.96E-8,0.4117
2.961E-8,0.4157
2.961E-8,0.4159
2.961E-8,0.4161
2.961E-8,0.4166
2.961E-8,0.4175
2.962E-8,0.4194
2.963E-8,0.4233
2.965E-8,0.4310
2.968E-8,0.4414
2.971E-8,0.4518
2.971E-8,0.4519
2.971E-8,0.4519
2.971E-8,0.4520
2.972E-8,0.4523
2.972E-8,0.4528
2.972E-8,0.4536
2.972E-8,0.4545
2.973E-8,0.4563
2.974E-8,0.4599
2.975E-8,0.4641
2.975E-8,0.4642
2.975E-8,0.4644
2.975E-8,0.4649
2.976E-8,0.4659
2.976E-8,0.4679
2.977E-8,0.4718
2.98E-8,0.4796
2.983E-8,0.4901
2.986E-8,0.5007
2.986E-8,0.5008
2.986E-8,0.5008
2.986E-8,0.5009
2.986E-8,0.5012
2.986E-8,0.5017
2.986E-8,0.5025
2.986E-8,0.5034
2.987E-8,0.5052
2.988E-8,0.5089
2.989E-8,0.5131
2.989E-8,0.5132
2.989E-8,0.5135
2.99E-8,0.5140
2.99E-8,0.5150
2.99E-8,0.5169
2.992E-8,0.5209
2.994E-8,0.5288
2.997E-8,0.5394
3.0E-8,0.5500
3.0E-8,0.5501
3.0E-8,0.5501
3.0E-8,0.5502
3.0E-8,0.5505
3.0E-8,0.5510
3.001E-8,0.5518
3.001E-8,0.5527
3.001E-8,0.5546
3.002E-8,0.5583
3.004E-8,0.5625
3.004E-8,0.5626
3.004E-8,0.5628
3.004E-8,0.5633
3.004E-8,0.5643
3.005E-8,0.5663
3.006E-8,0.5702
3.008E-8,0.5781
3.011E-8,0.5887
3.014E-8,0.5993
3.014E-8,0.5994
3.014E-8,0.5994
3.014E-8,0.5995
3.014E-8,0.5998
3.015E-8,0.6003
3.015E-8,0.6011
3.015E-8,0.6020
3.016E-8,0.6038
3.017E-8,0.6075
3.018E-8,0.6117
3.018E-8,0.6118
3.018E-8,0.6121
3.018E-8,0.6126
3.018E-8,0.6135
3.019E-8,0.6155
3.02E-8,0.6194
3.022E-8,0.6273
3.025E-8,0.6377
3.029E-8,0.6482
3.029E-8,0.6483
3.029E-8,0.6483
3.029E-8,0.6484
3.029E-8,0.6487
3.029E-8,0.6492
3.029E-8,0.6500
3.029E-8,0.6509
3.030E-8,0.6527
3.031E-8,0.6563
3.032E-8,0.6604
3.032E-8,0.6606
3.032E-8,0.6608
3.032E-8,0.6613
3.033E-8,0.6623
3.033E-8,0.6642
3.034E-8,0.6681
3.037E-8,0.6758
3.04E-8,0.6861
3.043E-8,0.6963
3.043E-8,0.6964
3.043E-8,0.6964
3.043E-8,0.6966
3.043E-8,0.6968
3.043E-8,0.6973
3.043E-8,0.6980
3.044E-8,0.6989
3.044E-8,0.7007
3.045E-8,0.7043
3.046E-8,0.7083
3.046E-8,0.7084
3.047E-8,0.7087
3.047E-8,0.7091
3.047E-8,0.7101
3.048E-8,0.7120
3.049E-8,0.7157
3.051E-8,0.7232
3.054E-8,0.7333
3.057E-8,0.7433
3.057E-8,0.7433
3.057E-8,0.7434
3.057E-8,0.7435
3.057E-8,0.7437
3.057E-8,0.7442
3.058E-8,0.7449
3.058E-8,0.7458
3.058E-8,0.7475
3.06E-8,0.7510
3.061E-8,0.7549
3.061E-8,0.7550
3.061E-8,0.7552
3.061E-8,0.7557
3.061E-8,0.7566
3.062E-8,0.7584
3.063E-8,0.7621
3.065E-8,0.7693
3.068E-8,0.7790
3.071E-8,0.7886
3.071E-8,0.7887
3.071E-8,0.7887
3.071E-8,0.7889
3.072E-8,0.7891
3.072E-8,0.7895
3.072E-8,0.7902
3.072E-8,0.7911
3.073E-8,0.7927
3.074E-8,0.7961
3.075E-8,0.7998
3.075E-8,0.7999
3.075E-8,0.8001
3.075E-8,0.8006
3.076E-8,0.8015
3.076E-8,0.8032
3.077E-8,0.8067
3.08E-8,0.8137
3.083E-8,0.8229
3.086E-8,0.8321
3.086E-8,0.8321
3.086E-8,0.8322
3.086E-8,0.8323
3.086E-8,0.8325
3.086E-8,0.8329
3.086E-8,0.8336
3.086E-8,0.8344
3.087E-8,0.8360
3.088E-8,0.8392
3.089E-8,0.8427
3.089E-8,0.8428
3.089E-8,0.8430
3.09E-8,0.8435
3.09E-8,0.8443
3.09E-8,0.8460
3.092E-8,0.8493
3.094E-8,0.8559
3.097E-8,0.8646
3.1E-8,0.8733
3.1E-8,0.8733
3.1E-8,0.8734
3.1E-8,0.8735
3.1E-8,0.8737
3.1E-8,0.8741
3.101E-8,0.8747
3.101E-8,0.8755
3.101E-8,0.8770
3.102E-8,0.8799
3.104E-8,0.8833
3.104E-8,0.8834
3.104E-8,0.8836
3.104E-8,0.8840
3.104E-8,0.8848
3.105E-8,0.8863
3.106E-8,0.8894
3.108E-8,0.8956
3.111E-8,0.9038
3.114E-8,0.9119
3.114E-8,0.9119
3.114E-8,0.9120
3.114E-8,0.9121
3.114E-8,0.9122
3.115E-8,0.9126
3.115E-8,0.9132
3.115E-8,0.9139
3.116E-8,0.9153
3.117E-8,0.9181
3.118E-8,0.9212
3.118E-8,0.9213
3.118E-8,0.9214
3.118E-8,0.9218
3.118E-8,0.9225
3.119E-8,0.9240
3.12E-8,0.9269
3.122E-8,0.9326
3.125E-8,0.9401
3.129E-8,0.9475
3.129E-8,0.9476
3.129E-8,0.9476
3.129E-8,0.9477
3.129E-8,0.9479
3.129E-8,0.9482
3.129E-8,0.9488
3.129E-8,0.9494
3.13E-8,0.9507
3.131E-8,0.9532
3.132E-8,0.9560
3.132E-8,0.9561
3.132E-8,0.9563
3.132E-8,0.9566
3.133E-8,0.9573
3.133E-8,0.9586
3.134E-8,0.9613
3.137E-8,0.9665
3.14E-8,0.9733
3.143E-8,0.9800
3.143E-8,0.9800
3.143E-8,0.9801
3.143E-8,0.9802
3.143E-8,0.9803
3.143E-8,0.9806
3.143E-8,0.9811
3.144E-8,0.9817
3.144E-8,0.9828
3.145E-8,0.9851
3.146E-8,0.9877
3.146E-8,0.9877
3.147E-8,0.9879
3.147E-8,0.9882
3.147E-8,0.9888
3.148E-8,0.9900
3.149E-8,0.9923
3.151E-8,0.9970
3.154E-8,1.003
3.157E-8,1.009
3.157E-8,1.009
3.157E-8,1.009
3.157E-8,1.009
3.157E-8,1.009
3.157E-8,1.010
3.158E-8,1.010
3.158E-8,1.011
3.158E-8,1.012
3.16E-8,1.014
3.161E-8,1.016
3.161E-8,1.016
3.161E-8,1.016
3.161E-8,1.016
3.161E-8,1.017
3.162E-8,1.018
3.163E-8,1.020
3.165E-8,1.024
3.168E-8,1.029
3.171E-8,1.034
3.171E-8,1.034
3.171E-8,1.034
3.171E-8,1.034
3.172E-8,1.035
3.172E-8,1.035
3.172E-8,1.035
3.172E-8,1.036
3.173E-8,1.036
3.174E-8,1.038
3.175E-8,1.040
3.175E-8,1.040
3.175E-8,1.040
3.175E-8,1.041
3.176E-8,1.041
3.176E-8,1.042
3.177E-8,1.044
3.18E-8,1.047
3.183E-8,1.051
3.186E-8,1.056
3.186E-8,1.056
3.186E-8,1.056
3.186E-8,1.056
3.186E-8,1.056
3.186E-8,1.056
3.186E-8,1.056
3.186E-8,1.057
3.187E-8,1.058
3.188E-8,1.059
3.189E-8,1.061
3.189E-8,1.061
3.189E-8,1.061
3.19E-8,1.061
3.19E-8,1.061
3.19E-8,1.062
3.192E-8,1.063
3.194E-8,1.066
3.197E-8,1.070
3.2E-8,1.073
3.2E-8,1.073
3.2E-8,1.073
3.2E-8,1.073
3.2E-8,1.073
3.2E-8,1.073
3.201E-8,1.074
3.201E-8,1.074
3.201E-8,1.074
3.202E-8,1.076
3.204E-8,1.077
3.204E-8,1.077
3.204E-8,1.077
3.204E-8,1.077
3.204E-8,1.077
3.205E-8,1.078
3.206E-8,1.079
3.208E-8,1.081
3.211E-8,1.084
3.214E-8,1.086
3.214E-8,1.086
3.214E-8,1.086
3.214E-8,1.086
3.214E-8,1.086
3.215E-8,1.086
3.215E-8,1.087
3.215E-8,1.087
3.216E-8,1.087
3.217E-8,1.088
3.218E-8,1.089
3.218E-8,1.089
3.218E-8,1.089
3.218E-8,1.089
3.218E-8,1.089
3.219E-8,1.090
3.22E-8,1.090
3.222E-8,1.092
3.225E-8,1.093
3.229E-8,1.095
3.229E-8,1.095
3.229E-8,1.095
3.229E-8,1.095
3.229E-8,1.095
3.229E-8,1.095
3.229E-8,1.095
3.229E-8,1.095
3.23E-8,1.096
3.231E-8,1.096
3.232E-8,1.097
3.232E-8,1.097
3.232E-8,1.097
3.232E-8,1.097
3.233E-8,1.097
3.233E-8,1.097
3.234E-8,1.097
3.237E-8,1.098
3.24E-8,1.099
3.243E-8,1.099
3.243E-8,1.099
3.243E-8,1.099
3.243E-8,1.099
3.243E-8,1.099
3.243E-8,1.099
3.243E-8,1.100
3.244E-8,1.100
3.244E-8,1.100
3.245E-8,1.100
3.246E-8,1.100
3.246E-8,1.100
3.247E-8,1.100
3.247E-8,1.100
3.247E-8,1.100
3.248E-8,1.100
3.249E-8,1.100
3.251E-8,1.100
3.254E-8,1.100
3.257E-8,1.099
3.257E-8,1.099
3.257E-8,1.099
3.257E-8,1.099
3.257E-8,1.099
3.257E-8,1.099
3.258E-8,1.099
3.258E-8,1.099
3.259E-8,1.099
3.261E-8,1.099
3.261E-8,1.099
3.261E-8,1.099
3.261E-8,1.099
3.261E-8,1.099
3.262E-8,1.098
3.263E-8,1.098
3.265E-8,1.097
3.268E-8,1.096
3.271E-8,1.095
3.271E-8,1.095
3.271E-8,1.095
3.271E-8,1.095
3.272E-8,1.095
3.272E-8,1.095
3.272E-8,1.095
3.272E-8,1.095
3.273E-8,1.094
3.274E-8,1.094
3.275E-8,1.093
3.275E-8,1.093
3.275E-8,1.093
3.275E-8,1.093
3.276E-8,1.093
3.276E-8,1.093
3.277E-8,1.092
3.280E-8,1.091
3.283E-8,1.088
3.286E-8,1.086
3.286E-8,1.086
3.286E-8,1.086
3.286E-8,1.086
3.286E-8,1.086
3.286E-8,1.086
3.286E-8,1.086
3.286E-8,1.086
3.287E-8,1.085
3.288E-8,1.084
3.289E-8,1.083
3.289E-8,1.083
3.289E-8,1.083
3.29E-8,1.083
3.29E-8,1.083
3.29E-8,1.082
3.292E-8,1.081
3.294E-8,1.079
3.297E-8,1.076
3.300E-8,1.073
3.300E-8,1.073
3.300E-8,1.073
3.300E-8,1.073
3.300E-8,1.073
3.300E-8,1.073
3.301E-8,1.073
3.301E-8,1.072
3.301E-8,1.072
3.302E-8,1.070
3.304E-8,1.069
3.304E-8,1.069
3.304E-8,1.069
3.304E-8,1.069
3.304E-8,1.068
3.305E-8,1.068
3.306E-8,1.066
3.308E-8,1.064
3.311E-8,1.060
3.314E-8,1.056
3.314E-8,1.056
3.314E-8,1.056
3.314E-8,1.056
3.314E-8,1.056
3.315E-8,1.055
3.315E-8,1.055
3.315E-8,1.055
3.316E-8,1.054
3.317E-8,1.052
3.318E-8,1.051
3.318E-8,1.051
3.318E-8,1.051
3.318E-8,1.050
3.318E-8,1.050
3.319E-8,1.049
3.320E-8,1.047
3.322E-8,1.044
3.325E-8,1.039
3.329E-8,1.034
3.329E-8,1.034
3.329E-8,1.034
3.329E-8,1.034
3.329E-8,1.034
3.329E-8,1.034
3.329E-8,1.033
3.329E-8,1.033
3.33E-8,1.032
3.331E-8,1.030
3.332E-8,1.028
3.332E-8,1.028
3.332E-8,1.028
3.332E-8,1.028
3.333E-8,1.027
3.333E-8,1.026
3.334E-8,1.024
3.337E-8,1.020
3.34E-8,1.015
3.343E-8,1.009
3.343E-8,1.009
3.343E-8,1.009
3.343E-8,1.009
3.343E-8,1.009
3.343E-8,1.008
3.343E-8,1.008
3.344E-8,1.008
3.344E-8,1.006
3.345E-8,1.004
3.346E-8,1.002
3.346E-8,1.002
3.347E-8,1.002
3.347E-8,1.002
3.347E-8,1.001
3.348E-8,0.9998
3.349E-8,0.9976
3.351E-8,0.9929
3.354E-8,0.9865
3.357E-8,0.9800
3.357E-8,0.9800
3.357E-8,0.9799
3.357E-8,0.9799
3.357E-8,0.9797
3.357E-8,0.9794
3.358E-8,0.9789
3.358E-8,0.9783
3.358E-8,0.9771
3.36E-8,0.9748
3.361E-8,0.9721
3.361E-8,0.9720
3.361E-8,0.9719
3.361E-8,0.9716
3.361E-8,0.9709
3.362E-8,0.9697
3.363E-8,0.9671
3.365E-8,0.9619
3.368E-8,0.9548
3.371E-8,0.9475
3.371E-8,0.9475
3.371E-8,0.9475
3.371E-8,0.9474
3.372E-8,0.9472
3.372E-8,0.9469
3.372E-8,0.9463
3.372E-8,0.9457
3.373E-8,0.9444
3.374E-8,0.9418
3.375E-8,0.9388
3.375E-8,0.9387
3.375E-8,0.9386
3.375E-8,0.9382
3.376E-8,0.9375
3.376E-8,0.9361
3.377E-8,0.9333
3.38E-8,0.9276
3.383E-8,0.9198
3.386E-8,0.9119
3.386E-8,0.9118
3.386E-8,0.9118
3.386E-8,0.9117
3.386E-8,0.9115
3.386E-8,0.9111
3.386E-8,0.9105
3.386E-8,0.9098
3.387E-8,0.9084
3.388E-8,0.9056
3.389E-8,0.9024
3.389E-8,0.9023
3.389E-8,0.9021
3.39E-8,0.9017
3.39E-8,0.9010
3.39E-8,0.8994
3.392E-8,0.8964
3.394E-8,0.8902
3.397E-8,0.8818
3.4E-8,0.8733
3.4E-8,0.8732
3.4E-8,0.8732
3.4E-8,0.8731
3.4E-8,0.8729
3.4E-8,0.8725
3.401E-8,0.8718
3.401E-8,0.8711
3.401E-8,0.8696
3.402E-8,0.8666
3.404E-8,0.8631
3.404E-8,0.8630
3.404E-8,0.8628
3.404E-8,0.8624
3.404E-8,0.8616
3.405E-8,0.8600
3.406E-8,0.8567
3.408E-8,0.8501
3.411E-8,0.8412
3.414E-8,0.8321
3.414E-8,0.8320
3.414E-8,0.8320
3.414E-8,0.8319
3.414E-8,0.8317
3.415E-8,0.8312
3.415E-8,0.8306
3.415E-8,0.8298
3.416E-8,0.8282
3.417E-8,0.8250
3.418E-8,0.8213
3.418E-8,0.8212
3.418E-8,0.8210
3.418E-8,0.8206
3.418E-8,0.8197
3.419E-8,0.8180
3.42E-8,0.8145
3.422E-8,0.8076
3.425E-8,0.7982
3.429E-8,0.7886
3.429E-8,0.7886
3.429E-8,0.7885
3.429E-8,0.7884
3.429E-8,0.7882
3.429E-8,0.7877
3.429E-8,0.7870
3.429E-8,0.7862
3.43E-8,0.7845
3.431E-8,0.7812
3.432E-8,0.7773
3.432E-8,0.7772
3.432E-8,0.7770
3.432E-8,0.7766
3.433E-8,0.7757
3.433E-8,0.7739
3.434E-8,0.7702
3.437E-8,0.7630
3.44E-8,0.7532
3.443E-8,0.7433
3.443E-8,0.7432
3.443E-8,0.7431
3.443E-8,0.7430
3.443E-8,0.7428
3.443E-8,0.7423
3.443E-8,0.7416
3.444E-8,0.7407
3.444E-8,0.7390
3.445E-8,0.7355
3.446E-8,0.7315
3.446E-8,0.7314
3.447E-8,0.7312
3.447E-8,0.7307
3.447E-8,0.7298
3.448E-8,0.7279
3.449E-8,0.7242
3.451E-8,0.7167
3.454E-8,0.7065
3.457E-8,0.6963
3.457E-8,0.6963
3.457E-8,0.6962
3.457E-8,0.6961
3.457E-8,0.6958
3.457E-8,0.6954
3.458E-8,0.6946
3.458E-8,0.6937
3.458E-8,0.6919
3.46E-8,0.6883
3.461E-8,0.6843
3.461E-8,0.6841
3.461E-8,0.6839
3.461E-8,0.6834
3.461E-8,0.6825
3.462E-8,0.6806
3.463E-8,0.6767
3.465E-8,0.6690
3.468E-8,0.6586
3.471E-8,0.6482
3.471E-8,0.6481
3.471E-8,0.6481
3.471E-8,0.6480
3.472E-8,0.6477
3.472E-8,0.6472
3.472E-8,0.6464
3.472E-8,0.6455
3.473E-8,0.6437
3.474E-8,0.6401
3.475E-8,0.6359
3.475E-8,0.6358
3.475E-8,0.6356
3.475E-8,0.6351
3.476E-8,0.6341
3.476E-8,0.6321
3.477E-8,0.6282
3.48E-8,0.6204
3.483E-8,0.6099
3.486E-8,0.5993
3.486E-8,0.5992
3.486E-8,0.5992
3.486E-8,0.5991
3.486E-8,0.5988
3.486E-8,0.5983
3.486E-8,0.5975
3.486E-8,0.5966
3.487E-8,0.5948
3.488E-8,0.5911
3.489E-8,0.5869
3.489E-8,0.5868
3.489E-8,0.5865
3.49E-8,0.5860
3.49E-8,0.5850
3.49E-8,0.5831
3.492E-8,0.5791
3.494E-8,0.5712
3.497E-8,0.5606
3.5E-8,0.5500
3.5E-8,0.5499
3.5E-8,0.5499
3.5E-8,0.5498
3.5E-8,0.5495
3.5E-8,0.5490
3.501E-8,0.5482
3.501E-8,0.5473
3.501E-8,0.5454
3.502E-8,0.5417
3.504E-8,0.5375
3.504E-8,0.5374
3.504E-8,0.5372
3.504E-8,0.5367
3.504E-8,0.5357
3.505E-8,0.5337
3.506E-8,0.5298
3.508E-8,0.5219
3.511E-8,0.5113
3.514E-8,0.5007
3.514E-8,0.5006
3.514E-8,0.5006
3.514E-8,0.5005
3.514E-8,0.5002
3.515E-8,0.4997
3.515E-8,0.4989
3.515E-8,0.4980
3.516E-8,0.4962
3.517E-8,0.4925
3.518E-8,0.4883
3.518E-8,0.4882
3.518E-8,0.4879
3.518E-8,0.4874
3.518E-8,0.4865
3.519E-8,0.4845
3.52E-8,0.4806
3.522E-8,0.4727
3.525E-8,0.4623
3.529E-8,0.4518
3.529E-8,0.4517
3.529E-8,0.4517
3.529E-8,0.4516
3.529E-8,0.4513
3.529E-8,0.4508
3.529E-8,0.4500
3.529E-8,0.4491
3.530E-8,0.4473
3.531E-8,0.4437
3.532E-8,0.4396
3.532E-8,0.4394
3.532E-8,0.4392
3.532E-8,0.4387
3.533E-8,0.4377
3.533E-8,0.4358
3.534E-8,0.4319
3.537E-8,0.4242
3.54E-8,0.4139
3.543E-8,0.4037
3.543E-8,0.4036
3.543E-8,0.4036
3.543E-8,0.4034
3.543E-8,0.4032
3.543E-8,0.4027
3.543E-8,0.4020
3.544E-8,0.4011
3.544E-8,0.3993
3.545E-8,0.3957
3.546E-8,0.3917
3.546E-8,0.3916
3.547E-8,0.3913
3.547E-8,0.3909
3.547E-8,0.3899
3.548E-8,0.3880
3.549E-8,0.3843
3.551E-8,0.3768
3.554E-8,0.3667
3.557E-8,0.3567
3.557E-8,0.3567
3.557E-8,0.3566
3.557E-8,0.3565
3.557E-8,0.3563
3.557E-8,0.3558
3.558E-8,0.3551
3.558E-8,0.3542
3.558E-8,0.3525
3.56E-8,0.3490
3.561E-8,0.3451
3.561E-8,0.3450
3.561E-8,0.3448
3.561E-8,0.3443
3.561E-8,0.3434
3.562E-8,0.3416
3.563E-8,0.3379
3.565E-8,0.3307
3.568E-8,0.3210
3.571E-8,0.3114
3.571E-8,0.3113
3.571E-8,0.3113
3.571E-8,0.3111
3.572E-8,0.3109
3.572E-8,0.3105
3.572E-8,0.3098
3.572E-8,0.3089
3.573E-8,0.3073
3.574E-8,0.3039
3.575E-8,0.3002
3.575E-8,0.3001
3.575E-8,0.2999
3.575E-8,0.2994
3.576E-8,0.2985
3.576E-8,0.2968
3.577E-8,0.2933
3.58E-8,0.2863
3.583E-8,0.2771
3.586E-8,0.2679
3.586E-8,0.2679
3.586E-8,0.2678
3.586E-8,0.2677
3.586E-8,0.2675
3.586E-8,0.2671
3.586E-8,0.2664
3.586E-8,0.2656
3.587E-8,0.2640
3.588E-8,0.2608
3.589E-8,0.2573
3.589E-8,0.2572
3.589E-8,0.2570
3.59E-8,0.2565
3.59E-8,0.2557
3.59E-8,0.2540
3.592E-8,0.2507
3.594E-8,0.2441
3.597E-8,0.2354
3.6E-8,0.2267
3.6E-8,0.2267
3.6E-8,0.2266
3.6E-8,0.2265
3.6E-8,0.2263
3.6E-8,0.2259
3.601E-8,0.2253
3.601E-8,0.2245
3.601E-8,0.2230
3.602E-8,0.2201
3.604E-8,0.2167
3.604E-8,0.2166
3.604E-8,0.2164
3.604E-8,0.2160
3.604E-8,0.2152
3.605E-8,0.2137
3.606E-8,0.2106
3.608E-8,0.2044
3.611E-8,0.1962
3.614E-8,0.1881
3.614E-8,0.1881
3.614E-8,0.1880
3.614E-8,0.1879
3.614E-8,0.1878
3.615E-8,0.1874
3.615E-8,0.1868
3.615E-8,0.1861
3.616E-8,0.1847
3.617E-8,0.1819
3.618E-8,0.1788
3.618E-8,0.1787
3.618E-8,0.1786
3.618E-8,0.1782
3.618E-8,0.1775
3.619E-8,0.1760
3.62E-8,0.1731
3.622E-8,0.1674
3.625E-8,0.1599
3.629E-8,0.1525
3.629E-8,0.1524
3.629E-8,0.1524
3.629E-8,0.1523
3.629E-8,0.1521
3.629E-8,0.1518
3.629E-8,0.1512
3.629E-8,0.1506
3.63E-8,0.1493
3.631E-8,0.1468
3.632E-8,0.1440
3.632E-8,0.1439
3.632E-8,0.1437
3.632E-8,0.1434
3.633E-8,0.1427
3.633E-8,0.1414
3.634E-8,0.1387
3.637E-8,0.1335
3.64E-8,0.1267
3.643E-8,0.1200
3.643E-8,0.1200
3.643E-8,0.1199
3.643E-8,0.1198
3.643E-8,0.1197
3.643E-8,0.1194
3.643E-8,0.1189
3.644E-8,0.1183
3.644E-8,0.1172
3.645E-8,0.1149
3.646E-8,0.1123
3.646E-8,0.1123
3.647E-8,0.1121
3.647E-8,0.1118
3.647E-8,0.1112
3.648E-8,0.1100
3.649E-8,0.1077
3.651E-8,0.1030
3.654E-8,0.09692
3.657E-8,0.09098
3.657E-8,0.09095
3.657E-8,0.09092
3.657E-8,0.09085
3.657E-8,0.09071
3.657E-8,0.09044
3.658E-8,0.09000
3.658E-8,0.08949
3.658E-8,0.08848
3.66E-8,0.08648
3.661E-8,0.08424
3.661E-8,0.08417
3.661E-8,0.08404
3.661E-8,0.08378
3.661E-8,0.08325
3.662E-8,0.08221
3.663E-8,0.08015
3.665E-8,0.07609
3.668E-8,0.07079
3.671E-8,0.06567
3.671E-8,0.06564
3.671E-8,0.06561
3.671E-8,0.06556
3.672E-8,0.06544
3.672E-8,0.06521
3.672E-8,0.06483
3.672E-8,0.06439
3.673E-8,0.06353
3.674E-8,0.06181
3.675E-8,0.05989
3.675E-8,0.05983
3.675E-8,0.05972
3.675E-8,0.05950
3.676E-8,0.05905
3.676E-8,0.05817
3.677E-8,0.05641
3.68E-8,0.05298
3.683E-8,0.04853
3.686E-8,0.04426
3.686E-8,0.04424
3.686E-8,0.04421
3.686E-8,0.04416
3.686E-8,0.04407
3.686E-8,0.04387
3.686E-8,0.04356
3.686E-8,0.04320
3.687E-8,0.04248
3.688E-8,0.04107
3.689E-8,0.03949
3.689E-8,0.03944
3.689E-8,0.03935
3.69E-8,0.03917
3.69E-8,0.03880
3.69E-8,0.03808
3.692E-8,0.03665
3.694E-8,0.03387
3.697E-8,0.03030
3.7E-8,0.02692
3.7E-8,0.02690
3.7E-8,0.02688
3.7E-8,0.02684
3.7E-8,0.02677
3.7E-8,0.02661
3.701E-8,0.02637
3.701E-8,0.02609
3.701E-8,0.02553
3.702E-8,0.02442
3.704E-8,0.02320
3.704E-8,0.02317
3.704E-8,0.02310
3.704E-8,0.02295
3.704E-8,0.02267
3.705E-8,0.02211
3.706E-8,0.02102
3.708E-8,0.01891
3.711E-8,0.01625
3.714E-8,0.01379
3.714E-8,0.01378
3.714E-8,0.01376
3.714E-8,0.01373
3.714E-8,0.01368
3.715E-8,0.01357
3.715E-8,0.01339
3.715E-8,0.01319
3.716E-8,0.01279
3.717E-8,0.01201
3.718E-8,0.01115
3.718E-8,0.01113
3.718E-8,0.01108
3.718E-8,0.01098
3.718E-8,0.01079
3.719E-8,0.01040
3.72E-8,9.65E-3
3.722E-8,8.232E-3
3.725E-8,6.504E-3
3.729E-8,4.978E-3
3.729E-8,4.969E-3
3.729E-8,4.961E-3
3.729E-8,4.945E-3
3.729E-8,4.912E-3
3.729E-8,4.846E-3
3.729E-8,4.74E-3
3.729E-8,4.62E-3
3.73E-8,4.383E-3
3.731E-8,3.929E-3
3.732E-8,3.444E-3
3.732E-8,3.431E-3
3.732E-8,3.403E-3
3.732E-8,3.349E-3
3.733E-8,3.241E-3
3.733E-8,3.030E-3
3.734E-8,2.63E-3
3.737E-8,1.915E-3
3.74E-8,1.132E-3
3.743E-8,5.538E-4
3.743E-8,5.51E-4
3.743E-8,5.483E-4
3.743E-8,5.428E-4
3.743E-8,5.319E-4
3.743E-8,5.104E-4
3.743E-8,4.764E-4
3.744E-8,4.387E-4
3.744E-8,3.679E-4
3.745E-8,2.449E-4
3.746E-8,1.357E-4
3.747E-8,1.33E-4
3.747E-8,1.276E-4
3.747E-8,1.172E-4
3.747E-8,9.771E-5
3.748E-8,6.403E-5
3.749E-8,1.795E-5
3.751E-8,1.086E-5
3.754E-8,1.8E-4
3.757E-8,5.538E-4
3.757E-8,5.566E-4
3.757E-8,5.594E-4
3.757E-8,5.649E-4
3.757E-8,5.762E-4
3.757E-8,5.99E-4
3.758E-8,6.459E-4
3.758E-8,7.452E-4
3.759E-8,9.648E-4
3.761E-8,1.254E-3
3.761E-8,1.262E-3
3.761E-8,1.279E-3
3.761E-8,1.313E-3
3.761E-8,1.382E-3
3.762E-8,1.526E-3
3.763E-8,1.834E-3
3.765E-8,2.535E-3
3.768E-8,3.654E-3
3.771E-8,4.978E-3
3.771E-8,4.986E-3
3.771E-8,4.994E-3
3.771E-8,5.011E-3
3.772E-8,5.044E-3
3.772E-8,5.111E-3
3.772E-8,5.221E-3
3.772E-8,5.349E-3
3.773E-8,5.609E-3
3.774E-8,6.149E-3
3.775E-8,6.791E-3
3.775E-8,6.810E-3
3.775E-8,6.849E-3
3.775E-8,6.927E-3
3.776E-8,7.084E-3
3.776E-8,7.403E-3
3.777E-8,8.063E-3
3.780E-8,9.466E-3
3.783E-8,0.01153
3.786E-8,0.01379
3.786E-8,0.01380
3.786E-8,0.01382
3.786E-8,0.01384
3.786E-8,0.01390
3.786E-8,0.01401
3.786E-8,0.01419
3.786E-8,0.01440
3.787E-8,0.01482
3.788E-8,0.01569
3.789E-8,0.01670
3.789E-8,0.01673
3.789E-8,0.01679
3.79E-8,0.01691
3.79E-8,0.01716
3.79E-8,0.01765
3.792E-8,0.01866
3.794E-8,0.02075
3.797E-8,0.02374
3.800E-8,0.02692
3.800E-8,0.02694
3.800E-8,0.02696
3.800E-8,0.02700
3.800E-8,0.02707
3.800E-8,0.02722
3.801E-8,0.02747
3.801E-8,0.02776
3.801E-8,0.02835
3.802E-8,0.02953
3.804E-8,0.03090
3.804E-8,0.03095
3.804E-8,0.03103
3.804E-8,0.03119
3.804E-8,0.03152
3.805E-8,0.03218
3.806E-8,0.03353
3.808E-8,0.03630
3.811E-8,0.04018
3.814E-8,0.04426
3.814E-8,0.04428
3.814E-8,0.04431
3.814E-8,0.04436
3.814E-8,0.04445
3.815E-8,0.04465
3.815E-8,0.04497
3.815E-8,0.04533
3.816E-8,0.04607
3.817E-8,0.04757
3.818E-8,0.04929
3.818E-8,0.04934
3.818E-8,0.04944
3.818E-8,0.04965
3.818E-8,0.05006
3.819E-8,0.05088
3.820E-8,0.05256
3.822E-8,0.05598
3.825E-8,0.06073
3.829E-8,0.06567
3.829E-8,0.06570
3.829E-8,0.06573
3.829E-8,0.06579
3.829E-8,0.06591
3.829E-8,0.06614
3.829E-8,0.06652
3.829E-8,0.06697
3.83E-8,0.06785
3.831E-8,0.06965
3.832E-8,0.07170
3.832E-8,0.07176
3.832E-8,0.07189
3.832E-8,0.07213
3.833E-8,0.07262
3.833E-8,0.07360
3.834E-8,0.07559
3.837E-8,0.07963
3.84E-8,0.08522
3.843E-8,0.09098
3.843E-8,0.09102
3.843E-8,0.09105
3.843E-8,0.09112
3.843E-8,0.09126
3.843E-8,0.09153
3.843E-8,0.09197
3.844E-8,0.09249
3.844E-8,0.09352
3.845E-8,0.09559
3.846E-8,0.09797
3.846E-8,0.09804
3.847E-8,0.09818
3.847E-8,0.09846
3.847E-8,0.09903
3.848E-8,0.1002
3.849E-8,0.1024
3.851E-8,0.1071
3.854E-8,0.1135
3.857E-8,0.1200
3.857E-8,0.1200
3.857E-8,0.1201
3.857E-8,0.1201
3.857E-8,0.1203
3.857E-8,0.1206
3.858E-8,0.1211
3.858E-8,0.1217
3.858E-8,0.1229
3.86E-8,0.1252
3.861E-8,0.1279
3.861E-8,0.1280
3.861E-8,0.1281
3.861E-8,0.1284
3.861E-8,0.1291
3.862E-8,0.1303
3.863E-8,0.1329
3.865E-8,0.1381
3.868E-8,0.1452
3.871E-8,0.1525
3.871E-8,0.1525
3.871E-8,0.1525
3.871E-8,0.1526
3.872E-8,0.1528
3.872E-8,0.1531
3.872E-8,0.1537
3.872E-8,0.1543
3.873E-8,0.1556
3.874E-8,0.1582
3.875E-8,0.1612
3.875E-8,0.1613
3.875E-8,0.1614
3.875E-8,0.1618
3.876E-8,0.1625
3.876E-8,0.1639
3.877E-8,0.1667
3.88E-8,0.1724
3.883E-8,0.1802
3.886E-8,0.1881
3.886E-8,0.1882
3.886E-8,0.1882
3.886E-8,0.1883
3.886E-8,0.1885
3.886E-8,0.1889
3.886E-8,0.1895
3.886E-8,0.1902
3.887E-8,0.1916
3.888E-8,0.1944
3.889E-8,0.1976
3.889E-8,0.1977
3.889E-8,0.1979
3.89E-8,0.1983
3.89E-8,0.1990
3.89E-8,0.2006
3.892E-8,0.2036
3.894E-8,0.2098
3.897E-8,0.2182
3.9E-8,0.2267
3.9E-8,0.2268
3.9E-8,0.2268
3.9E-8,0.2269
3.9E-8,0.2271
3.9E-8,0.2275
3.901E-8,0.2282
3.901E-8,0.2289
3.901E-8,0.2304
3.902E-8,0.2334
3.904E-8,0.2369
3.904E-8,0.2370
3.904E-8,0.2372
3.904E-8,0.2376
3.904E-8,0.2384
3.905E-8,0.2400
3.906E-8,0.2433
3.908E-8,0.2499
3.911E-8,0.2588
3.914E-8,0.2679
3.914E-8,0.2680
3.914E-8,0.2680
3.914E-8,0.2681
3.914E-8,0.2683
3.915E-8,0.2688
3.915E-8,0.2694
3.915E-8,0.2702
3.916E-8,0.2718
3.917E-8,0.2750
3.918E-8,0.2787
3.918E-8,0.2788
3.918E-8,0.2790
3.918E-8,0.2794
3.918E-8,0.2803
3.919E-8,0.2820
3.92E-8,0.2855
3.922E-8,0.2924
3.925E-8,0.3018
3.929E-8,0.3114
3.929E-8,0.3114
3.929E-8,0.3115
3.929E-8,0.3116
3.929E-8,0.3118
3.929E-8,0.3123
3.929E-8,0.3130
3.929E-8,0.3138
3.93E-8,0.3155
3.931E-8,0.3188
3.932E-8,0.3227
3.932E-8,0.3228
3.932E-8,0.3230
3.932E-8,0.3234
3.933E-8,0.3243
3.933E-8,0.3261
3.934E-8,0.3298
3.937E-8,0.3370
3.94E-8,0.3468
3.943E-8,0.3567
3.943E-8,0.3568
3.943E-8,0.3569
3.943E-8,0.3570
3.943E-8,0.3572
3.943E-8,0.3577
3.943E-8,0.3584
3.944E-8,0.3593
3.944E-8,0.3610
3.945E-8,0.3645
3.946E-8,0.3685
3.947E-8,0.3686
3.947E-8,0.3688
3.947E-8,0.3693
3.947E-8,0.3702
3.948E-8,0.3721
3.949E-8,0.3758
3.951E-8,0.3833
3.954E-8,0.3935
3.957E-8,0.4037
3.957E-8,0.4037
3.957E-8,0.4038
3.957E-8,0.4039
3.957E-8,0.4042
3.957E-8,0.4046
3.958E-8,0.4054
3.958E-8,0.4063
3.958E-8,0.4081
3.96E-8,0.4117
3.961E-8,0.4157
3.961E-8,0.4159
3.961E-8,0.4161
3.961E-8,0.4166
3.961E-8,0.4175
3.962E-8,0.4194
3.963E-8,0.4233
3.965E-8,0.4310
3.968E-8,0.4414
3.971E-8,0.4518
3.971E-8,0.4519
3.971E-8,0.4519
3.971E-8,0.4520
3.972E-8,0.4523
3.972E-8,0.4528
3.972E-8,0.4536
3.972E-8,0.4545
3.973E-8,0.4563
3.974E-8,0.4599
3.975E-8,0.4641
3.975E-8,0.4642
3.975E-8,0.4644
3.975E-8,0.4649
3.976E-8,0.4659
3.976E-8,0.4679
3.977E-8,0.4718
3.98E-8,0.4796
3.983E-8,0.4901
3.986E-8,0.5007
3.986E-8,0.5008
3.986E-8,0.5008
3.986E-8,0.5009
3.986E-8,0.5012
3.986E-8,0.5017
3.986E-8,0.5025
3.986E-8,0.5034
3.987E-8,0.5052
3.988E-8,0.5089
3.989E-8,0.5131
3.989E-8,0.5132
3.989E-8,0.5135
3.99E-8,0.5140
3.99E-8,0.5150
3.99E-8,0.5169
3.992E-8,0.5209
3.994E-8,0.5288
3.997E-8,0.5394
4.0E-8,0.5500
