"time (s)","v("/out" ?result "tran-tran") (V)"
0.00000,0.00000
1.786E-13,0.00000
3.571E-13,0.00000
7.143E-13,0.00000
1.429E-12,0.00000
2.857E-12,0.00000
5.179E-12,0.2514
7.857E-12,0.5414
1.321E-11,0.5414
2.393E-11,0.5414
3.607E-11,0.5414
3.643E-11,0.5414
3.714E-11,0.5414
3.857E-11,0.5414
4.143E-11,0.5414
4.714E-11,0.5414
5.857E-11,0.5414
8.143E-11,0.5414
1.121E-10,0.5414
1.429E-10,0.5414
1.43E-10,0.5414
1.432E-10,0.5414
1.436E-10,0.5414
1.443E-10,0.5414
1.457E-10,0.5414
1.48E-10,0.5653
1.507E-10,0.5930
1.561E-10,0.5930
1.668E-10,0.5930
1.789E-10,0.5930
1.793E-10,0.5930
1.8E-10,0.5930
1.814E-10,0.5930
1.843E-10,0.5930
1.900E-10,0.5930
2.014E-10,0.5930
2.243E-10,0.5930
2.550E-10,0.5930
2.857E-10,0.5930
2.859E-10,0.5930
2.861E-10,0.5930
2.864E-10,0.5930
2.871E-10,0.5930
2.886E-10,0.5930
2.909E-10,0.6149
2.936E-10,0.6402
2.989E-10,0.6402
3.096E-10,0.6402
3.218E-10,0.6402
3.221E-10,0.6402
3.229E-10,0.6402
3.243E-10,0.6402
3.271E-10,0.6402
3.329E-10,0.6402
3.443E-10,0.6402
3.671E-10,0.6402
3.979E-10,0.6402
4.286E-10,0.6402
4.288E-10,0.6402
4.289E-10,0.6402
4.293E-10,0.6402
4.3E-10,0.6402
4.314E-10,0.6402
4.338E-10,0.6622
4.364E-10,0.6875
4.418E-10,0.6875
4.525E-10,0.6875
4.646E-10,0.6875
4.65E-10,0.6875
4.657E-10,0.6875
4.671E-10,0.6875
4.7E-10,0.6875
4.757E-10,0.6875
4.871E-10,0.6875
5.100E-10,0.6875
5.407E-10,0.6875
5.714E-10,0.6875
5.716E-10,0.6875
5.718E-10,0.6875
5.721E-10,0.6875
5.729E-10,0.6875
5.743E-10,0.6875
5.766E-10,0.7094
5.793E-10,0.7348
5.846E-10,0.7348
5.954E-10,0.7348
6.075E-10,0.7348
6.079E-10,0.7348
6.086E-10,0.7348
6.100E-10,0.7348
6.129E-10,0.7348
6.186E-10,0.7348
6.3E-10,0.7348
6.529E-10,0.7348
6.836E-10,0.7348
7.143E-10,0.7348
7.145E-10,0.7348
7.146E-10,0.7348
7.15E-10,0.7348
7.157E-10,0.7348
7.171E-10,0.7348
7.195E-10,0.7547
7.221E-10,0.7777
7.275E-10,0.7777
7.382E-10,0.7777
7.504E-10,0.7777
7.507E-10,0.7777
7.514E-10,0.7777
7.529E-10,0.7777
7.557E-10,0.7777
7.614E-10,0.7777
7.729E-10,0.7777
7.957E-10,0.7777
8.264E-10,0.7777
8.571E-10,0.7777
8.573E-10,0.7777
8.575E-10,0.7777
8.579E-10,0.7777
8.586E-10,0.7777
8.6E-10,0.7777
8.623E-10,0.7977
8.65E-10,0.8207
8.704E-10,0.8207
8.811E-10,0.8207
8.932E-10,0.8207
8.936E-10,0.8207
8.943E-10,0.8207
8.957E-10,0.8207
8.986E-10,0.8207
9.043E-10,0.8207
9.157E-10,0.8207
9.386E-10,0.8207
9.693E-10,0.8207
1.0E-9,0.8207
1.0E-9,0.8207
1.0E-9,0.8207
1.001E-9,0.8207
1.001E-9,0.8207
1.003E-9,0.8207
1.005E-9,0.8407
1.008E-9,0.8637
1.013E-9,0.8637
1.024E-9,0.8637
1.036E-9,0.8637
1.036E-9,0.8637
1.037E-9,0.8637
1.039E-9,0.8637
1.041E-9,0.8637
1.047E-9,0.8637
1.059E-9,0.8637
1.081E-9,0.8637
1.112E-9,0.8637
1.143E-9,0.8637
1.143E-9,0.8637
1.143E-9,0.8637
1.144E-9,0.8637
1.144E-9,0.8637
1.146E-9,0.8637
1.148E-9,0.8816
1.151E-9,0.9023
1.156E-9,0.9023
1.167E-9,0.9023
1.179E-9,0.9023
1.179E-9,0.9023
1.18E-9,0.9023
1.181E-9,0.9023
1.184E-9,0.9023
1.19E-9,0.9023
1.201E-9,0.9023
1.224E-9,0.9023
1.255E-9,0.9023
1.286E-9,0.9023
1.286E-9,0.9023
1.286E-9,0.9023
1.286E-9,0.9023
1.287E-9,0.9023
1.289E-9,0.9023
1.291E-9,0.9183
1.294E-9,0.9367
1.299E-9,0.9367
1.31E-9,0.9367
1.322E-9,0.9367
1.322E-9,0.9367
1.323E-9,0.9367
1.324E-9,0.9367
1.327E-9,0.9367
1.333E-9,0.9367
1.344E-9,0.9367
1.367E-9,0.9367
1.398E-9,0.9367
1.429E-9,0.9367
1.429E-9,0.9367
1.429E-9,0.9367
1.429E-9,0.9367
1.43E-9,0.9367
1.431E-9,0.9367
1.434E-9,0.9507
1.436E-9,0.9668
1.442E-9,0.9668
1.452E-9,0.9668
1.465E-9,0.9668
1.465E-9,0.9668
1.466E-9,0.9668
1.467E-9,0.9668
1.47E-9,0.9668
1.476E-9,0.9668
1.487E-9,0.9668
1.51E-9,0.9668
1.541E-9,0.9668
1.571E-9,0.9668
1.572E-9,0.9668
1.572E-9,0.9668
1.572E-9,0.9668
1.573E-9,0.9668
1.574E-9,0.9668
1.577E-9,0.9808
1.579E-9,0.9969
1.585E-9,0.9969
1.595E-9,0.9969
1.608E-9,0.9969
1.608E-9,0.9969
1.609E-9,0.9969
1.61E-9,0.9969
1.613E-9,0.9969
1.619E-9,0.9969
1.630E-9,0.9969
1.653E-9,0.9969
1.684E-9,0.9969
1.714E-9,0.9969
1.714E-9,0.9969
1.715E-9,0.9969
1.715E-9,0.9969
1.716E-9,0.9969
1.717E-9,0.9969
1.719E-9,1.009
1.722E-9,1.023
1.727E-9,1.023
1.738E-9,1.023
1.75E-9,1.023
1.751E-9,1.023
1.751E-9,1.023
1.753E-9,1.023
1.756E-9,1.023
1.761E-9,1.023
1.773E-9,1.023
1.796E-9,1.023
1.826E-9,1.023
1.857E-9,1.023
1.857E-9,1.023
1.857E-9,1.023
1.858E-9,1.023
1.859E-9,1.023
1.86E-9,1.023
1.862E-9,1.033
1.865E-9,1.044
1.87E-9,1.044
1.881E-9,1.044
1.893E-9,1.044
1.894E-9,1.044
1.894E-9,1.044
1.896E-9,1.044
1.899E-9,1.044
1.904E-9,1.044
1.916E-9,1.044
1.939E-9,1.044
1.969E-9,1.044
2.0E-9,1.044
2.0E-9,1.044
2.0E-9,1.044
2.001E-9,1.044
2.001E-9,1.044
2.003E-9,1.044
2.005E-9,1.052
2.008E-9,1.061
2.013E-9,1.061
2.024E-9,1.061
2.036E-9,1.061
2.036E-9,1.061
2.037E-9,1.061
2.039E-9,1.061
2.041E-9,1.061
2.047E-9,1.061
2.059E-9,1.061
2.081E-9,1.061
2.112E-9,1.061
2.143E-9,1.061
2.143E-9,1.061
2.143E-9,1.061
2.144E-9,1.061
2.144E-9,1.061
2.146E-9,1.061
2.148E-9,1.067
2.151E-9,1.074
2.156E-9,1.074
2.167E-9,1.074
2.179E-9,1.074
2.179E-9,1.074
2.18E-9,1.074
2.181E-9,1.074
2.184E-9,1.074
2.19E-9,1.074
2.201E-9,1.074
2.224E-9,1.074
2.255E-9,1.074
2.286E-9,1.074
2.286E-9,1.074
2.286E-9,1.074
2.286E-9,1.074
2.287E-9,1.074
2.289E-9,1.074
2.291E-9,1.078
2.294E-9,1.083
2.299E-9,1.083
2.31E-9,1.083
2.322E-9,1.083
2.322E-9,1.083
2.323E-9,1.083
2.324E-9,1.083
2.327E-9,1.083
2.333E-9,1.083
2.344E-9,1.083
2.367E-9,1.083
2.398E-9,1.083
2.429E-9,1.083
2.429E-9,1.083
2.429E-9,1.083
2.429E-9,1.083
2.43E-9,1.083
2.431E-9,1.083
2.434E-9,1.085
2.436E-9,1.087
2.442E-9,1.087
2.452E-9,1.087
2.465E-9,1.087
2.465E-9,1.087
2.466E-9,1.087
2.467E-9,1.087
2.47E-9,1.087
2.476E-9,1.087
2.487E-9,1.087
2.510E-9,1.087
2.541E-9,1.087
2.571E-9,1.087
2.572E-9,1.087
2.572E-9,1.087
2.572E-9,1.087
2.573E-9,1.087
2.574E-9,1.087
2.577E-9,1.087
2.583E-9,1.087
2.594E-9,1.087
2.608E-9,1.087
2.608E-9,1.087
2.609E-9,1.087
2.61E-9,1.087
2.613E-9,1.087
2.619E-9,1.087
2.63E-9,1.087
2.653E-9,1.087
2.684E-9,1.087
2.714E-9,1.087
2.714E-9,1.087
2.715E-9,1.087
2.715E-9,1.087
2.716E-9,1.087
2.717E-9,1.087
2.719E-9,1.085
2.722E-9,1.083
2.727E-9,1.083
2.738E-9,1.083
2.75E-9,1.083
2.751E-9,1.083
2.751E-9,1.083
2.753E-9,1.083
2.756E-9,1.083
2.761E-9,1.083
2.773E-9,1.083
2.796E-9,1.083
2.826E-9,1.083
2.857E-9,1.083
2.857E-9,1.083
2.858E-9,1.083
2.858E-9,1.083
2.859E-9,1.083
2.86E-9,1.083
2.862E-9,1.079
2.865E-9,1.074
2.87E-9,1.074
2.881E-9,1.074
2.893E-9,1.074
2.894E-9,1.074
2.894E-9,1.074
2.896E-9,1.074
2.899E-9,1.074
2.904E-9,1.074
2.916E-9,1.074
2.939E-9,1.074
2.969E-9,1.074
3.0E-9,1.074
3.0E-9,1.074
3.0E-9,1.074
3.001E-9,1.074
3.001E-9,1.074
3.003E-9,1.074
3.005E-9,1.068
3.008E-9,1.061
3.013E-9,1.061
3.024E-9,1.061
3.036E-9,1.061
3.036E-9,1.061
3.037E-9,1.061
3.039E-9,1.061
3.041E-9,1.061
3.047E-9,1.061
3.059E-9,1.061
3.081E-9,1.061
3.112E-9,1.061
3.143E-9,1.061
3.143E-9,1.061
3.143E-9,1.061
3.144E-9,1.061
3.144E-9,1.061
3.146E-9,1.061
3.148E-9,1.053
3.151E-9,1.044
3.156E-9,1.044
3.167E-9,1.044
3.179E-9,1.044
3.179E-9,1.044
3.18E-9,1.044
3.181E-9,1.044
3.184E-9,1.044
3.19E-9,1.044
3.201E-9,1.044
3.224E-9,1.044
3.255E-9,1.044
3.286E-9,1.044
3.286E-9,1.044
3.286E-9,1.044
3.286E-9,1.044
3.287E-9,1.044
3.289E-9,1.044
3.291E-9,1.034
3.294E-9,1.023
3.299E-9,1.023
3.31E-9,1.023
3.322E-9,1.023
3.322E-9,1.023
3.323E-9,1.023
3.324E-9,1.023
3.327E-9,1.023
3.333E-9,1.023
3.344E-9,1.023
3.367E-9,1.023
3.398E-9,1.023
3.429E-9,1.023
3.429E-9,1.023
3.429E-9,1.023
3.429E-9,1.023
3.43E-9,1.023
3.431E-9,1.023
3.434E-9,1.011
3.436E-9,0.9969
3.442E-9,0.9969
3.452E-9,0.9969
3.465E-9,0.9969
3.465E-9,0.9969
3.466E-9,0.9969
3.467E-9,0.9969
3.47E-9,0.9969
3.476E-9,0.9969
3.487E-9,0.9969
3.510E-9,0.9969
3.541E-9,0.9969
3.571E-9,0.9969
3.572E-9,0.9969
3.572E-9,0.9969
3.572E-9,0.9969
3.573E-9,0.9969
3.574E-9,0.9969
3.577E-9,0.9829
3.579E-9,0.9668
3.585E-9,0.9668
3.595E-9,0.9668
3.608E-9,0.9668
3.608E-9,0.9668
3.609E-9,0.9668
3.61E-9,0.9668
3.613E-9,0.9668
3.619E-9,0.9668
3.63E-9,0.9668
3.653E-9,0.9668
3.684E-9,0.9668
3.714E-9,0.9668
3.714E-9,0.9668
3.715E-9,0.9668
3.715E-9,0.9668
3.716E-9,0.9668
3.717E-9,0.9668
3.719E-9,0.9528
3.722E-9,0.9367
3.727E-9,0.9367
3.738E-9,0.9367
3.75E-9,0.9367
3.751E-9,0.9367
3.751E-9,0.9367
3.753E-9,0.9367
3.756E-9,0.9367
3.761E-9,0.9367
3.773E-9,0.9367
3.796E-9,0.9367
3.826E-9,0.9367
3.857E-9,0.9367
3.857E-9,0.9367
3.858E-9,0.9367
3.858E-9,0.9367
3.859E-9,0.9367
3.86E-9,0.9367
3.862E-9,0.9208
3.865E-9,0.9023
3.87E-9,0.9023
3.881E-9,0.9023
3.893E-9,0.9023
3.894E-9,0.9023
3.894E-9,0.9023
3.896E-9,0.9023
3.899E-9,0.9023
3.904E-9,0.9023
3.916E-9,0.9023
3.939E-9,0.9023
3.969E-9,0.9023
4.0E-9,0.9023
4.0E-9,0.9023
4.0E-9,0.9023
4.001E-9,0.9023
4.001E-9,0.9023
4.003E-9,0.9023
4.005E-9,0.8844
4.008E-9,0.8637
4.013E-9,0.8637
4.024E-9,0.8637
4.036E-9,0.8637
4.036E-9,0.8637
4.037E-9,0.8637
4.039E-9,0.8637
4.041E-9,0.8637
4.047E-9,0.8637
4.059E-9,0.8637
4.081E-9,0.8637
4.112E-9,0.8637
4.143E-9,0.8637
4.143E-9,0.8637
4.143E-9,0.8637
4.144E-9,0.8637
4.144E-9,0.8637
4.146E-9,0.8637
4.148E-9,0.8437
4.151E-9,0.8207
4.156E-9,0.8207
4.167E-9,0.8207
4.179E-9,0.8207
4.179E-9,0.8207
4.18E-9,0.8207
4.181E-9,0.8207
4.184E-9,0.8207
4.19E-9,0.8207
4.201E-9,0.8207
4.224E-9,0.8207
4.255E-9,0.8207
4.286E-9,0.8207
4.286E-9,0.8207
4.286E-9,0.8207
4.286E-9,0.8207
4.287E-9,0.8207
4.289E-9,0.8207
4.291E-9,0.8008
4.294E-9,0.7777
4.299E-9,0.7777
4.310E-9,0.7777
4.322E-9,0.7777
4.322E-9,0.7777
4.323E-9,0.7777
4.324E-9,0.7777
4.327E-9,0.7777
4.333E-9,0.7777
4.344E-9,0.7777
4.367E-9,0.7777
4.398E-9,0.7777
4.429E-9,0.7777
4.429E-9,0.7777
4.429E-9,0.7777
4.429E-9,0.7777
4.43E-9,0.7777
4.431E-9,0.7777
4.434E-9,0.7578
4.436E-9,0.7348
4.442E-9,0.7348
4.452E-9,0.7348
4.465E-9,0.7348
4.465E-9,0.7348
4.466E-9,0.7348
4.467E-9,0.7348
4.47E-9,0.7348
4.476E-9,0.7348
4.487E-9,0.7348
4.51E-9,0.7348
4.541E-9,0.7348
4.571E-9,0.7348
4.572E-9,0.7348
4.572E-9,0.7348
4.572E-9,0.7348
4.573E-9,0.7348
4.574E-9,0.7348
4.577E-9,0.7128
4.579E-9,0.6875
4.585E-9,0.6875
4.595E-9,0.6875
4.608E-9,0.6875
4.608E-9,0.6875
4.609E-9,0.6875
4.61E-9,0.6875
4.613E-9,0.6875
4.619E-9,0.6875
4.63E-9,0.6875
4.653E-9,0.6875
4.684E-9,0.6875
4.714E-9,0.6875
4.714E-9,0.6875
4.715E-9,0.6875
4.715E-9,0.6875
4.716E-9,0.6875
4.717E-9,0.6875
4.719E-9,0.6656
4.722E-9,0.6402
4.727E-9,0.6402
4.738E-9,0.6402
4.75E-9,0.6402
4.751E-9,0.6402
4.751E-9,0.6402
4.753E-9,0.6402
4.756E-9,0.6402
4.761E-9,0.6402
4.773E-9,0.6402
4.796E-9,0.6402
4.826E-9,0.6402
4.857E-9,0.6402
4.857E-9,0.6402
4.858E-9,0.6402
4.858E-9,0.6402
4.859E-9,0.6402
4.86E-9,0.6402
4.862E-9,0.6183
4.865E-9,0.5930
4.87E-9,0.5930
4.881E-9,0.5930
4.893E-9,0.5930
4.894E-9,0.5930
4.894E-9,0.5930
4.896E-9,0.5930
4.899E-9,0.5930
4.904E-9,0.5930
4.916E-9,0.5930
4.939E-9,0.5930
4.969E-9,0.5930
5.0E-9,0.5930
5.0E-9,0.5930
5.0E-9,0.5930
5.001E-9,0.5930
5.001E-9,0.5930
5.003E-9,0.5930
5.005E-9,0.5690
5.008E-9,0.5414
5.013E-9,0.5414
5.024E-9,0.5414
5.036E-9,0.5414
5.036E-9,0.5414
5.037E-9,0.5414
5.039E-9,0.5414
5.041E-9,0.5414
5.047E-9,0.5414
5.059E-9,0.5414
5.081E-9,0.5414
5.112E-9,0.5414
5.143E-9,0.5414
5.143E-9,0.5414
5.143E-9,0.5414
5.144E-9,0.5414
5.144E-9,0.5414
5.146E-9,0.5414
5.148E-9,0.5195
5.151E-9,0.4941
5.156E-9,0.4941
5.167E-9,0.4941
5.179E-9,0.4941
5.179E-9,0.4941
5.18E-9,0.4941
5.181E-9,0.4941
5.184E-9,0.4941
5.19E-9,0.4941
5.201E-9,0.4941
5.224E-9,0.4941
5.255E-9,0.4941
5.286E-9,0.4941
5.286E-9,0.4941
5.286E-9,0.4941
5.286E-9,0.4941
5.287E-9,0.4941
5.289E-9,0.4941
5.291E-9,0.4722
5.294E-9,0.4469
5.299E-9,0.4469
5.310E-9,0.4469
5.322E-9,0.4469
5.322E-9,0.4469
5.323E-9,0.4469
5.324E-9,0.4469
5.327E-9,0.4469
5.333E-9,0.4469
5.344E-9,0.4469
5.367E-9,0.4469
5.398E-9,0.4469
5.429E-9,0.4469
5.429E-9,0.4469
5.429E-9,0.4469
5.429E-9,0.4469
5.43E-9,0.4469
5.431E-9,0.4469
5.434E-9,0.4249
5.436E-9,0.3996
5.442E-9,0.3996
5.452E-9,0.3996
5.465E-9,0.3996
5.465E-9,0.3996
5.466E-9,0.3996
5.467E-9,0.3996
5.47E-9,0.3996
5.476E-9,0.3996
5.487E-9,0.3996
5.51E-9,0.3996
5.541E-9,0.3996
5.571E-9,0.3996
5.572E-9,0.3996
5.572E-9,0.3996
5.572E-9,0.3996
5.573E-9,0.3996
5.574E-9,0.3996
5.577E-9,0.3777
5.579E-9,0.3523
5.585E-9,0.3523
5.595E-9,0.3523
5.608E-9,0.3523
5.608E-9,0.3523
5.609E-9,0.3523
5.61E-9,0.3523
5.613E-9,0.3523
5.619E-9,0.3523
5.63E-9,0.3523
5.653E-9,0.3523
5.684E-9,0.3523
5.714E-9,0.3523
5.714E-9,0.3523
5.715E-9,0.3523
5.715E-9,0.3523
5.716E-9,0.3523
5.717E-9,0.3523
5.719E-9,0.3304
5.722E-9,0.3051
5.727E-9,0.3051
5.738E-9,0.3051
5.75E-9,0.3051
5.751E-9,0.3051
5.751E-9,0.3051
5.753E-9,0.3051
5.756E-9,0.3051
5.761E-9,0.3051
5.773E-9,0.3051
5.796E-9,0.3051
5.826E-9,0.3051
5.857E-9,0.3051
5.857E-9,0.3051
5.858E-9,0.3051
5.858E-9,0.3051
5.859E-9,0.3051
5.86E-9,0.3051
5.862E-9,0.2851
5.865E-9,0.2621
5.87E-9,0.2621
5.881E-9,0.2621
5.893E-9,0.2621
5.894E-9,0.2621
5.894E-9,0.2621
5.896E-9,0.2621
5.899E-9,0.2621
5.904E-9,0.2621
5.916E-9,0.2621
5.939E-9,0.2621
5.969E-9,0.2621
6.0E-9,0.2621
6.0E-9,0.2621
6.0E-9,0.2621
6.001E-9,0.2621
6.001E-9,0.2621
6.003E-9,0.2621
6.005E-9,0.2442
6.008E-9,0.2234
6.013E-9,0.2234
6.024E-9,0.2234
6.036E-9,0.2234
6.036E-9,0.2234
6.037E-9,0.2234
6.039E-9,0.2234
6.041E-9,0.2234
6.047E-9,0.2234
6.059E-9,0.2234
6.081E-9,0.2234
6.112E-9,0.2234
6.143E-9,0.2234
6.143E-9,0.2234
6.143E-9,0.2234
6.144E-9,0.2234
6.144E-9,0.2234
6.146E-9,0.2234
6.148E-9,0.2055
6.151E-9,0.1848
6.156E-9,0.1848
6.167E-9,0.1848
6.179E-9,0.1848
6.179E-9,0.1848
6.18E-9,0.1848
6.181E-9,0.1848
6.184E-9,0.1848
6.19E-9,0.1848
6.201E-9,0.1848
6.224E-9,0.1848
6.255E-9,0.1848
6.286E-9,0.1848
6.286E-9,0.1848
6.286E-9,0.1848
6.286E-9,0.1848
6.287E-9,0.1848
6.289E-9,0.1848
6.291E-9,0.1688
6.294E-9,0.1504
6.299E-9,0.1504
6.310E-9,0.1504
6.322E-9,0.1504
6.322E-9,0.1504
6.323E-9,0.1504
6.324E-9,0.1504
6.327E-9,0.1504
6.333E-9,0.1504
6.344E-9,0.1504
6.367E-9,0.1504
6.398E-9,0.1504
6.429E-9,0.1504
6.429E-9,0.1504
6.429E-9,0.1504
6.429E-9,0.1504
6.43E-9,0.1504
6.431E-9,0.1504
6.434E-9,0.1344
6.436E-9,0.1160
6.442E-9,0.1160
6.452E-9,0.1160
6.465E-9,0.1160
6.465E-9,0.1160
6.466E-9,0.1160
6.467E-9,0.1160
6.47E-9,0.1160
6.476E-9,0.1160
6.487E-9,0.1160
6.51E-9,0.1160
6.541E-9,0.1160
6.571E-9,0.1160
6.572E-9,0.1160
6.572E-9,0.1160
6.572E-9,0.1160
6.573E-9,0.1160
6.574E-9,0.1160
6.577E-9,0.1021
6.579E-9,0.08594
6.585E-9,0.08594
6.595E-9,0.08594
6.608E-9,0.08594
6.608E-9,0.08594
6.609E-9,0.08594
6.61E-9,0.08594
6.613E-9,0.08594
6.619E-9,0.08594
6.63E-9,0.08594
6.653E-9,0.08594
6.684E-9,0.08594
6.714E-9,0.08594
6.714E-9,0.08594
6.715E-9,0.08594
6.715E-9,0.08594
6.716E-9,0.08594
6.717E-9,0.08594
6.719E-9,0.07596
6.722E-9,0.06445
6.727E-9,0.06445
6.738E-9,0.06445
6.75E-9,0.06445
6.751E-9,0.06445
6.751E-9,0.06445
6.753E-9,0.06445
6.756E-9,0.06445
6.761E-9,0.06445
6.773E-9,0.06445
6.796E-9,0.06445
6.826E-9,0.06445
6.857E-9,0.06445
6.857E-9,0.06445
6.858E-9,0.06445
6.858E-9,0.06445
6.859E-9,0.06445
6.86E-9,0.06445
6.862E-9,0.05448
6.865E-9,0.04297
6.87E-9,0.04297
6.881E-9,0.04297
6.893E-9,0.04297
6.894E-9,0.04297
6.894E-9,0.04297
6.896E-9,0.04297
6.899E-9,0.04297
6.904E-9,0.04297
6.916E-9,0.04297
6.939E-9,0.04297
6.969E-9,0.04297
7.0E-9,0.04297
7.0E-9,0.04297
7.0E-9,0.04297
7.001E-9,0.04297
7.001E-9,0.04297
7.003E-9,0.04297
7.005E-9,0.03499
7.008E-9,0.02578
7.013E-9,0.02578
7.024E-9,0.02578
7.036E-9,0.02578
7.036E-9,0.02578
7.037E-9,0.02578
7.039E-9,0.02578
7.041E-9,0.02578
7.047E-9,0.02578
7.059E-9,0.02578
7.081E-9,0.02578
7.112E-9,0.02578
7.143E-9,0.02578
7.143E-9,0.02578
7.143E-9,0.02578
7.144E-9,0.02578
7.144E-9,0.02578
7.146E-9,0.02578
7.148E-9,0.01980
7.151E-9,0.01289
7.156E-9,0.01289
7.167E-9,0.01289
7.179E-9,0.01289
7.179E-9,0.01289
7.18E-9,0.01289
7.181E-9,0.01289
7.184E-9,0.01289
7.19E-9,0.01289
7.201E-9,0.01289
7.224E-9,0.01289
7.255E-9,0.01289
7.286E-9,0.01289
7.286E-9,0.01289
7.286E-9,0.01289
7.286E-9,0.01289
7.287E-9,0.01289
7.289E-9,0.01289
7.291E-9,8.901E-3
7.294E-9,4.297E-3
7.299E-9,4.297E-3
7.310E-9,4.297E-3
7.322E-9,4.297E-3
7.322E-9,4.297E-3
7.323E-9,4.297E-3
7.324E-9,4.297E-3
7.327E-9,4.297E-3
7.333E-9,4.297E-3
7.344E-9,4.297E-3
7.367E-9,4.297E-3
7.398E-9,4.297E-3
7.429E-9,4.297E-3
7.429E-9,4.297E-3
7.429E-9,4.297E-3
7.429E-9,4.297E-3
7.43E-9,4.297E-3
7.431E-9,4.297E-3
7.434E-9,2.302E-3
7.436E-9,0.00000
7.442E-9,0.00000
7.452E-9,0.00000
7.465E-9,0.00000
7.465E-9,0.00000
7.466E-9,0.00000
7.467E-9,0.00000
7.47E-9,0.00000
7.476E-9,0.00000
7.487E-9,0.00000
7.51E-9,0.00000
7.541E-9,0.00000
7.571E-9,0.00000
7.572E-9,0.00000
7.572E-9,0.00000
7.572E-9,0.00000
7.573E-9,0.00000
7.574E-9,0.00000
7.577E-9,0.00000
7.583E-9,0.00000
7.594E-9,0.00000
7.607E-9,0.00000
7.608E-9,0.00000
7.609E-9,0.00000
7.61E-9,0.00000
7.613E-9,0.00000
7.619E-9,0.00000
7.63E-9,0.00000
7.653E-9,0.00000
7.684E-9,0.00000
7.714E-9,0.00000
7.714E-9,0.00000
7.715E-9,0.00000
7.715E-9,0.00000
7.716E-9,0.00000
7.717E-9,0.00000
7.719E-9,1.995E-3
7.722E-9,4.297E-3
7.727E-9,4.297E-3
7.738E-9,4.297E-3
7.75E-9,4.297E-3
7.751E-9,4.297E-3
7.751E-9,4.297E-3
7.753E-9,4.297E-3
7.756E-9,4.297E-3
7.761E-9,4.297E-3
7.773E-9,4.297E-3
7.796E-9,4.297E-3
7.826E-9,4.297E-3
7.857E-9,4.297E-3
7.857E-9,4.297E-3
7.857E-9,4.297E-3
7.858E-9,4.297E-3
7.859E-9,4.297E-3
7.86E-9,4.297E-3
7.862E-9,8.287E-3
7.865E-9,0.01289
7.87E-9,0.01289
7.881E-9,0.01289
7.893E-9,0.01289
7.894E-9,0.01289
7.894E-9,0.01289
7.896E-9,0.01289
7.899E-9,0.01289
7.904E-9,0.01289
7.916E-9,0.01289
7.939E-9,0.01289
7.969E-9,0.01289
8.0E-9,0.01289
8.0E-9,0.01289
8.0E-9,0.01289
8.001E-9,0.01289
8.001E-9,0.01289
8.003E-9,0.01289
8.005E-9,0.01888
8.008E-9,0.02578
8.013E-9,0.02578
8.024E-9,0.02578
8.036E-9,0.02578
8.036E-9,0.02578
8.037E-9,0.02578
8.039E-9,0.02578
8.041E-9,0.02578
8.047E-9,0.02578
8.059E-9,0.02578
8.081E-9,0.02578
8.112E-9,0.02578
8.143E-9,0.02578
8.143E-9,0.02578
8.143E-9,0.02578
8.144E-9,0.02578
8.144E-9,0.02578
8.146E-9,0.02578
8.148E-9,0.03376
8.151E-9,0.04297
8.156E-9,0.04297
8.167E-9,0.04297
8.179E-9,0.04297
8.179E-9,0.04297
8.18E-9,0.04297
8.181E-9,0.04297
8.184E-9,0.04297
8.19E-9,0.04297
8.201E-9,0.04297
8.224E-9,0.04297
8.255E-9,0.04297
8.286E-9,0.04297
8.286E-9,0.04297
8.286E-9,0.04297
8.286E-9,0.04297
8.287E-9,0.04297
8.289E-9,0.04297
8.291E-9,0.05294
8.294E-9,0.06445
8.299E-9,0.06445
8.31E-9,0.06445
8.322E-9,0.06445
8.322E-9,0.06445
8.323E-9,0.06445
8.324E-9,0.06445
8.327E-9,0.06445
8.333E-9,0.06445
8.344E-9,0.06445
8.367E-9,0.06445
8.398E-9,0.06445
8.429E-9,0.06445
8.429E-9,0.06445
8.429E-9,0.06445
8.429E-9,0.06445
8.43E-9,0.06445
8.431E-9,0.06445
8.434E-9,0.07443
8.436E-9,0.08594
8.442E-9,0.08594
8.452E-9,0.08594
8.465E-9,0.08594
8.465E-9,0.08594
8.466E-9,0.08594
8.467E-9,0.08594
8.47E-9,0.08594
8.476E-9,0.08594
8.487E-9,0.08594
8.51E-9,0.08594
8.541E-9,0.08594
8.571E-9,0.08594
8.572E-9,0.08594
8.572E-9,0.08594
8.572E-9,0.08594
8.573E-9,0.08594
8.574E-9,0.08594
8.577E-9,0.09990
8.579E-9,0.1160
8.585E-9,0.1160
8.595E-9,0.1160
8.607E-9,0.1160
8.608E-9,0.1160
8.609E-9,0.1160
8.61E-9,0.1160
8.613E-9,0.1160
8.619E-9,0.1160
8.63E-9,0.1160
8.653E-9,0.1160
8.684E-9,0.1160
8.714E-9,0.1160
8.714E-9,0.1160
8.715E-9,0.1160
8.715E-9,0.1160
8.716E-9,0.1160
8.717E-9,0.1160
8.719E-9,0.1320
8.722E-9,0.1504
8.727E-9,0.1504
8.738E-9,0.1504
8.75E-9,0.1504
8.751E-9,0.1504
8.751E-9,0.1504
8.753E-9,0.1504
8.756E-9,0.1504
8.761E-9,0.1504
8.773E-9,0.1504
8.796E-9,0.1504
8.826E-9,0.1504
8.857E-9,0.1504
8.857E-9,0.1504
8.857E-9,0.1504
8.858E-9,0.1504
8.859E-9,0.1504
8.86E-9,0.1504
8.862E-9,0.1664
8.865E-9,0.1848
8.870E-9,0.1848
8.881E-9,0.1848
8.893E-9,0.1848
8.894E-9,0.1848
8.894E-9,0.1848
8.896E-9,0.1848
8.899E-9,0.1848
8.904E-9,0.1848
8.916E-9,0.1848
8.939E-9,0.1848
8.969E-9,0.1848
9.0E-9,0.1848
9.0E-9,0.1848
9.0E-9,0.1848
9.001E-9,0.1848
9.001E-9,0.1848
9.003E-9,0.1848
9.005E-9,0.2027
9.008E-9,0.2234
9.013E-9,0.2234
9.024E-9,0.2234
9.036E-9,0.2234
9.036E-9,0.2234
9.037E-9,0.2234
9.039E-9,0.2234
9.041E-9,0.2234
9.047E-9,0.2234
9.059E-9,0.2234
9.081E-9,0.2234
9.112E-9,0.2234
9.143E-9,0.2234
9.143E-9,0.2234
9.143E-9,0.2234
9.144E-9,0.2234
9.144E-9,0.2234
9.146E-9,0.2234
9.148E-9,0.2414
9.151E-9,0.2621
9.156E-9,0.2621
9.167E-9,0.2621
9.179E-9,0.2621
9.179E-9,0.2621
9.18E-9,0.2621
9.181E-9,0.2621
9.184E-9,0.2621
9.19E-9,0.2621
9.201E-9,0.2621
9.224E-9,0.2621
9.255E-9,0.2621
9.286E-9,0.2621
9.286E-9,0.2621
9.286E-9,0.2621
9.286E-9,0.2621
9.287E-9,0.2621
9.289E-9,0.2621
9.291E-9,0.2821
9.294E-9,0.3051
9.299E-9,0.3051
9.31E-9,0.3051
9.322E-9,0.3051
9.322E-9,0.3051
9.323E-9,0.3051
9.324E-9,0.3051
9.327E-9,0.3051
9.333E-9,0.3051
9.344E-9,0.3051
9.367E-9,0.3051
9.398E-9,0.3051
9.429E-9,0.3051
9.429E-9,0.3051
9.429E-9,0.3051
9.429E-9,0.3051
9.43E-9,0.3051
9.431E-9,0.3051
9.434E-9,0.3270
9.436E-9,0.3523
9.442E-9,0.3523
9.452E-9,0.3523
9.465E-9,0.3523
9.465E-9,0.3523
9.466E-9,0.3523
9.467E-9,0.3523
9.47E-9,0.3523
9.476E-9,0.3523
9.487E-9,0.3523
9.51E-9,0.3523
9.541E-9,0.3523
9.571E-9,0.3523
9.572E-9,0.3523
9.572E-9,0.3523
9.572E-9,0.3523
9.573E-9,0.3523
9.574E-9,0.3523
9.577E-9,0.3743
9.579E-9,0.3996
9.585E-9,0.3996
9.595E-9,0.3996
9.607E-9,0.3996
9.608E-9,0.3996
9.609E-9,0.3996
9.61E-9,0.3996
9.613E-9,0.3996
9.619E-9,0.3996
9.63E-9,0.3996
9.653E-9,0.3996
9.684E-9,0.3996
9.714E-9,0.3996
9.714E-9,0.3996
9.715E-9,0.3996
9.715E-9,0.3996
9.716E-9,0.3996
9.717E-9,0.3996
9.719E-9,0.4216
9.722E-9,0.4469
9.727E-9,0.4469
9.738E-9,0.4469
9.75E-9,0.4469
9.751E-9,0.4469
9.751E-9,0.4469
9.753E-9,0.4469
9.756E-9,0.4469
9.761E-9,0.4469
9.773E-9,0.4469
9.796E-9,0.4469
9.826E-9,0.4469
9.857E-9,0.4469
9.857E-9,0.4469
9.858E-9,0.4469
9.858E-9,0.4469
9.859E-9,0.4469
9.86E-9,0.4469
9.862E-9,0.4688
9.865E-9,0.4941
9.870E-9,0.4941
9.881E-9,0.4941
9.893E-9,0.4941
9.894E-9,0.4941
9.894E-9,0.4941
9.896E-9,0.4941
9.899E-9,0.4941
9.904E-9,0.4941
9.916E-9,0.4941
9.939E-9,0.4941
9.969E-9,0.4941
1.0E-8,0.4941
1.0E-8,0.4941
1.0E-8,0.4941
1.0E-8,0.4941
1.0E-8,0.4941
1.0E-8,0.4941
1.001E-8,0.5161
1.001E-8,0.5414
1.001E-8,0.5414
1.002E-8,0.5414
1.004E-8,0.5414
1.004E-8,0.5414
1.004E-8,0.5414
1.004E-8,0.5414
1.004E-8,0.5414
1.005E-8,0.5414
1.006E-8,0.5414
1.008E-8,0.5414
1.011E-8,0.5414
1.014E-8,0.5414
1.014E-8,0.5414
1.014E-8,0.5414
1.014E-8,0.5414
1.014E-8,0.5414
1.015E-8,0.5414
1.015E-8,0.5653
1.015E-8,0.5930
1.016E-8,0.5930
1.017E-8,0.5930
1.018E-8,0.5930
1.018E-8,0.5930
1.018E-8,0.5930
1.018E-8,0.5930
1.018E-8,0.5930
1.019E-8,0.5930
1.02E-8,0.5930
1.022E-8,0.5930
1.025E-8,0.5930
1.029E-8,0.5930
1.029E-8,0.5930
1.029E-8,0.5930
1.029E-8,0.5930
1.029E-8,0.5930
1.029E-8,0.5930
1.029E-8,0.6149
1.029E-8,0.6402
1.03E-8,0.6402
1.031E-8,0.6402
1.032E-8,0.6402
1.032E-8,0.6402
1.032E-8,0.6402
1.032E-8,0.6402
1.033E-8,0.6402
1.033E-8,0.6402
1.034E-8,0.6402
1.037E-8,0.6402
1.04E-8,0.6402
1.043E-8,0.6402
1.043E-8,0.6402
1.043E-8,0.6402
1.043E-8,0.6402
1.043E-8,0.6402
1.043E-8,0.6402
1.043E-8,0.6622
1.044E-8,0.6875
1.044E-8,0.6875
1.045E-8,0.6875
1.046E-8,0.6875
1.046E-8,0.6875
1.047E-8,0.6875
1.047E-8,0.6875
1.047E-8,0.6875
1.048E-8,0.6875
1.049E-8,0.6875
1.051E-8,0.6875
1.054E-8,0.6875
1.057E-8,0.6875
1.057E-8,0.6875
1.057E-8,0.6875
1.057E-8,0.6875
1.057E-8,0.6875
1.057E-8,0.6875
1.058E-8,0.7094
1.058E-8,0.7348
1.058E-8,0.7348
1.06E-8,0.7348
1.061E-8,0.7348
1.061E-8,0.7348
1.061E-8,0.7348
1.061E-8,0.7348
1.061E-8,0.7348
1.062E-8,0.7348
1.063E-8,0.7348
1.065E-8,0.7348
1.068E-8,0.7348
1.071E-8,0.7348
1.071E-8,0.7348
1.071E-8,0.7348
1.071E-8,0.7348
1.072E-8,0.7348
1.072E-8,0.7348
1.072E-8,0.7547
1.072E-8,0.7777
1.073E-8,0.7777
1.074E-8,0.7777
1.075E-8,0.7777
1.075E-8,0.7777
1.075E-8,0.7777
1.075E-8,0.7777
1.076E-8,0.7777
1.076E-8,0.7777
1.077E-8,0.7777
1.08E-8,0.7777
1.083E-8,0.7777
1.086E-8,0.7777
1.086E-8,0.7777
1.086E-8,0.7777
1.086E-8,0.7777
1.086E-8,0.7777
1.086E-8,0.7777
1.086E-8,0.7977
1.086E-8,0.8207
1.087E-8,0.8207
1.088E-8,0.8207
1.089E-8,0.8207
1.089E-8,0.8207
1.089E-8,0.8207
1.09E-8,0.8207
1.09E-8,0.8207
1.09E-8,0.8207
1.092E-8,0.8207
1.094E-8,0.8207
1.097E-8,0.8207
1.1E-8,0.8207
1.1E-8,0.8207
1.1E-8,0.8207
1.1E-8,0.8207
1.1E-8,0.8207
1.1E-8,0.8207
1.101E-8,0.8407
1.101E-8,0.8637
1.101E-8,0.8637
1.102E-8,0.8637
1.104E-8,0.8637
1.104E-8,0.8637
1.104E-8,0.8637
1.104E-8,0.8637
1.104E-8,0.8637
1.105E-8,0.8637
1.106E-8,0.8637
1.108E-8,0.8637
1.111E-8,0.8637
1.114E-8,0.8637
1.114E-8,0.8637
1.114E-8,0.8637
1.114E-8,0.8637
1.114E-8,0.8637
1.115E-8,0.8637
1.115E-8,0.8816
1.115E-8,0.9023
1.116E-8,0.9023
1.117E-8,0.9023
1.118E-8,0.9023
1.118E-8,0.9023
1.118E-8,0.9023
1.118E-8,0.9023
1.118E-8,0.9023
1.119E-8,0.9023
1.12E-8,0.9023
1.122E-8,0.9023
1.125E-8,0.9023
1.129E-8,0.9023
1.129E-8,0.9023
1.129E-8,0.9023
1.129E-8,0.9023
1.129E-8,0.9023
1.129E-8,0.9023
1.129E-8,0.9183
1.129E-8,0.9367
1.130E-8,0.9367
1.131E-8,0.9367
1.132E-8,0.9367
1.132E-8,0.9367
1.132E-8,0.9367
1.132E-8,0.9367
1.133E-8,0.9367
1.133E-8,0.9367
1.134E-8,0.9367
1.137E-8,0.9367
1.140E-8,0.9367
1.143E-8,0.9367
1.143E-8,0.9367
1.143E-8,0.9367
1.143E-8,0.9367
1.143E-8,0.9367
1.143E-8,0.9367
1.143E-8,0.9507
1.144E-8,0.9668
1.144E-8,0.9668
1.145E-8,0.9668
1.146E-8,0.9668
1.146E-8,0.9668
1.147E-8,0.9668
1.147E-8,0.9668
1.147E-8,0.9668
1.148E-8,0.9668
1.149E-8,0.9668
1.151E-8,0.9668
1.154E-8,0.9668
1.157E-8,0.9668
1.157E-8,0.9668
1.157E-8,0.9668
1.157E-8,0.9668
1.157E-8,0.9668
1.157E-8,0.9668
1.158E-8,0.9808
1.158E-8,0.9969
1.158E-8,0.9969
1.16E-8,0.9969
1.161E-8,0.9969
1.161E-8,0.9969
1.161E-8,0.9969
1.161E-8,0.9969
1.161E-8,0.9969
1.162E-8,0.9969
1.163E-8,0.9969
1.165E-8,0.9969
1.168E-8,0.9969
1.171E-8,0.9969
1.171E-8,0.9969
1.171E-8,0.9969
1.171E-8,0.9969
1.172E-8,0.9969
1.172E-8,0.9969
1.172E-8,1.009
1.172E-8,1.023
1.173E-8,1.023
1.174E-8,1.023
1.175E-8,1.023
1.175E-8,1.023
1.175E-8,1.023
1.175E-8,1.023
1.176E-8,1.023
1.176E-8,1.023
1.177E-8,1.023
1.18E-8,1.023
1.183E-8,1.023
1.186E-8,1.023
1.186E-8,1.023
1.186E-8,1.023
1.186E-8,1.023
1.186E-8,1.023
1.186E-8,1.023
1.186E-8,1.033
1.186E-8,1.044
1.187E-8,1.044
1.188E-8,1.044
1.189E-8,1.044
1.189E-8,1.044
1.189E-8,1.044
1.19E-8,1.044
1.19E-8,1.044
1.19E-8,1.044
1.192E-8,1.044
1.194E-8,1.044
1.197E-8,1.044
1.2E-8,1.044
1.2E-8,1.044
1.2E-8,1.044
1.2E-8,1.044
1.2E-8,1.044
1.2E-8,1.044
1.201E-8,1.052
1.201E-8,1.061
1.201E-8,1.061
1.202E-8,1.061
1.204E-8,1.061
1.204E-8,1.061
1.204E-8,1.061
1.204E-8,1.061
1.204E-8,1.061
1.205E-8,1.061
1.206E-8,1.061
1.208E-8,1.061
1.211E-8,1.061
1.214E-8,1.061
1.214E-8,1.061
1.214E-8,1.061
1.214E-8,1.061
1.214E-8,1.061
1.215E-8,1.061
1.215E-8,1.067
1.215E-8,1.074
1.216E-8,1.074
1.217E-8,1.074
1.218E-8,1.074
1.218E-8,1.074
1.218E-8,1.074
1.218E-8,1.074
1.218E-8,1.074
1.219E-8,1.074
1.22E-8,1.074
1.222E-8,1.074
1.225E-8,1.074
1.229E-8,1.074
1.229E-8,1.074
1.229E-8,1.074
1.229E-8,1.074
1.229E-8,1.074
1.229E-8,1.074
1.229E-8,1.078
1.229E-8,1.083
1.23E-8,1.083
1.231E-8,1.083
1.232E-8,1.083
1.232E-8,1.083
1.232E-8,1.083
1.232E-8,1.083
1.233E-8,1.083
1.233E-8,1.083
1.234E-8,1.083
1.237E-8,1.083
1.24E-8,1.083
1.243E-8,1.083
1.243E-8,1.083
1.243E-8,1.083
1.243E-8,1.083
1.243E-8,1.083
1.243E-8,1.083
1.243E-8,1.085
1.244E-8,1.087
1.244E-8,1.087
1.245E-8,1.087
1.246E-8,1.087
1.246E-8,1.087
1.247E-8,1.087
1.247E-8,1.087
1.247E-8,1.087
1.248E-8,1.087
1.249E-8,1.087
1.251E-8,1.087
1.254E-8,1.087
1.257E-8,1.087
1.257E-8,1.087
1.257E-8,1.087
1.257E-8,1.087
1.257E-8,1.087
1.257E-8,1.087
1.258E-8,1.087
1.258E-8,1.087
1.259E-8,1.087
1.261E-8,1.087
1.261E-8,1.087
1.261E-8,1.087
1.261E-8,1.087
1.261E-8,1.087
1.262E-8,1.087
1.263E-8,1.087
1.265E-8,1.087
1.268E-8,1.087
1.271E-8,1.087
1.271E-8,1.087
1.271E-8,1.087
1.271E-8,1.087
1.272E-8,1.087
1.272E-8,1.087
1.272E-8,1.085
1.272E-8,1.083
1.273E-8,1.083
1.274E-8,1.083
1.275E-8,1.083
1.275E-8,1.083
1.275E-8,1.083
1.275E-8,1.083
1.276E-8,1.083
1.276E-8,1.083
1.277E-8,1.083
1.28E-8,1.083
1.283E-8,1.083
1.286E-8,1.083
1.286E-8,1.083
1.286E-8,1.083
1.286E-8,1.083
1.286E-8,1.083
1.286E-8,1.083
1.286E-8,1.079
1.286E-8,1.074
1.287E-8,1.074
1.288E-8,1.074
1.289E-8,1.074
1.289E-8,1.074
1.289E-8,1.074
1.29E-8,1.074
1.29E-8,1.074
1.29E-8,1.074
1.292E-8,1.074
1.294E-8,1.074
1.297E-8,1.074
1.3E-8,1.074
1.3E-8,1.074
1.3E-8,1.074
1.3E-8,1.074
1.3E-8,1.074
1.3E-8,1.074
1.301E-8,1.068
1.301E-8,1.061
1.301E-8,1.061
1.302E-8,1.061
1.304E-8,1.061
1.304E-8,1.061
1.304E-8,1.061
1.304E-8,1.061
1.304E-8,1.061
1.305E-8,1.061
1.306E-8,1.061
1.308E-8,1.061
1.311E-8,1.061
1.314E-8,1.061
1.314E-8,1.061
1.314E-8,1.061
1.314E-8,1.061
1.314E-8,1.061
1.315E-8,1.061
1.315E-8,1.053
1.315E-8,1.044
1.316E-8,1.044
1.317E-8,1.044
1.318E-8,1.044
1.318E-8,1.044
1.318E-8,1.044
1.318E-8,1.044
1.318E-8,1.044
1.319E-8,1.044
1.32E-8,1.044
1.322E-8,1.044
1.325E-8,1.044
1.329E-8,1.044
1.329E-8,1.044
1.329E-8,1.044
1.329E-8,1.044
1.329E-8,1.044
1.329E-8,1.044
1.329E-8,1.034
1.329E-8,1.023
1.33E-8,1.023
1.331E-8,1.023
1.332E-8,1.023
1.332E-8,1.023
1.332E-8,1.023
1.332E-8,1.023
1.333E-8,1.023
1.333E-8,1.023
1.334E-8,1.023
1.337E-8,1.023
1.34E-8,1.023
1.343E-8,1.023
1.343E-8,1.023
1.343E-8,1.023
1.343E-8,1.023
1.343E-8,1.023
1.343E-8,1.023
1.343E-8,1.011
1.344E-8,0.9969
1.344E-8,0.9969
1.345E-8,0.9969
1.346E-8,0.9969
1.346E-8,0.9969
1.347E-8,0.9969
1.347E-8,0.9969
1.347E-8,0.9969
1.348E-8,0.9969
1.349E-8,0.9969
1.351E-8,0.9969
1.354E-8,0.9969
1.357E-8,0.9969
1.357E-8,0.9969
1.357E-8,0.9969
1.357E-8,0.9969
1.357E-8,0.9969
1.357E-8,0.9969
1.358E-8,0.9829
1.358E-8,0.9668
1.358E-8,0.9668
1.36E-8,0.9668
1.361E-8,0.9668
1.361E-8,0.9668
1.361E-8,0.9668
1.361E-8,0.9668
1.361E-8,0.9668
1.362E-8,0.9668
1.363E-8,0.9668
1.365E-8,0.9668
1.368E-8,0.9668
1.371E-8,0.9668
1.371E-8,0.9668
1.371E-8,0.9668
1.371E-8,0.9668
1.372E-8,0.9668
1.372E-8,0.9668
1.372E-8,0.9528
1.372E-8,0.9367
1.373E-8,0.9367
1.374E-8,0.9367
1.375E-8,0.9367
1.375E-8,0.9367
1.375E-8,0.9367
1.375E-8,0.9367
1.376E-8,0.9367
1.376E-8,0.9367
1.377E-8,0.9367
1.380E-8,0.9367
1.383E-8,0.9367
1.386E-8,0.9367
1.386E-8,0.9367
1.386E-8,0.9367
1.386E-8,0.9367
1.386E-8,0.9367
1.386E-8,0.9367
1.386E-8,0.9208
1.386E-8,0.9023
1.387E-8,0.9023
1.388E-8,0.9023
1.389E-8,0.9023
1.389E-8,0.9023
1.389E-8,0.9023
1.390E-8,0.9023
1.390E-8,0.9023
1.390E-8,0.9023
1.392E-8,0.9023
1.394E-8,0.9023
1.397E-8,0.9023
1.400E-8,0.9023
1.400E-8,0.9023
1.400E-8,0.9023
1.400E-8,0.9023
1.400E-8,0.9023
1.400E-8,0.9023
1.401E-8,0.8844
1.401E-8,0.8637
1.401E-8,0.8637
1.402E-8,0.8637
1.404E-8,0.8637
1.404E-8,0.8637
1.404E-8,0.8637
1.404E-8,0.8637
1.404E-8,0.8637
1.405E-8,0.8637
1.406E-8,0.8637
1.408E-8,0.8637
1.411E-8,0.8637
1.414E-8,0.8637
1.414E-8,0.8637
1.414E-8,0.8637
1.414E-8,0.8637
1.414E-8,0.8637
1.415E-8,0.8637
1.415E-8,0.8437
1.415E-8,0.8207
1.416E-8,0.8207
1.417E-8,0.8207
1.418E-8,0.8207
1.418E-8,0.8207
1.418E-8,0.8207
1.418E-8,0.8207
1.418E-8,0.8207
1.419E-8,0.8207
1.42E-8,0.8207
1.422E-8,0.8207
1.425E-8,0.8207
1.429E-8,0.8207
1.429E-8,0.8207
1.429E-8,0.8207
1.429E-8,0.8207
1.429E-8,0.8207
1.429E-8,0.8207
1.429E-8,0.8008
1.429E-8,0.7777
1.43E-8,0.7777
1.431E-8,0.7777
1.432E-8,0.7777
1.432E-8,0.7777
1.432E-8,0.7777
1.432E-8,0.7777
1.433E-8,0.7777
1.433E-8,0.7777
1.434E-8,0.7777
1.437E-8,0.7777
1.44E-8,0.7777
1.443E-8,0.7777
1.443E-8,0.7777
1.443E-8,0.7777
1.443E-8,0.7777
1.443E-8,0.7777
1.443E-8,0.7777
1.443E-8,0.7578
1.444E-8,0.7348
1.444E-8,0.7348
1.445E-8,0.7348
1.446E-8,0.7348
1.446E-8,0.7348
1.447E-8,0.7348
1.447E-8,0.7348
1.447E-8,0.7348
1.448E-8,0.7348
1.449E-8,0.7348
1.451E-8,0.7348
1.454E-8,0.7348
1.457E-8,0.7348
1.457E-8,0.7348
1.457E-8,0.7348
1.457E-8,0.7348
1.457E-8,0.7348
1.457E-8,0.7348
1.458E-8,0.7128
1.458E-8,0.6875
1.458E-8,0.6875
1.46E-8,0.6875
1.461E-8,0.6875
1.461E-8,0.6875
1.461E-8,0.6875
1.461E-8,0.6875
1.461E-8,0.6875
1.462E-8,0.6875
1.463E-8,0.6875
1.465E-8,0.6875
1.468E-8,0.6875
1.471E-8,0.6875
1.471E-8,0.6875
1.471E-8,0.6875
1.471E-8,0.6875
1.472E-8,0.6875
1.472E-8,0.6875
1.472E-8,0.6656
1.472E-8,0.6402
1.473E-8,0.6402
1.474E-8,0.6402
1.475E-8,0.6402
1.475E-8,0.6402
1.475E-8,0.6402
1.475E-8,0.6402
1.476E-8,0.6402
1.476E-8,0.6402
1.477E-8,0.6402
1.48E-8,0.6402
1.483E-8,0.6402
1.486E-8,0.6402
1.486E-8,0.6402
1.486E-8,0.6402
1.486E-8,0.6402
1.486E-8,0.6402
1.486E-8,0.6402
1.486E-8,0.6183
1.486E-8,0.5930
1.487E-8,0.5930
1.488E-8,0.5930
1.489E-8,0.5930
1.489E-8,0.5930
1.489E-8,0.5930
1.49E-8,0.5930
1.49E-8,0.5930
1.49E-8,0.5930
1.492E-8,0.5930
1.494E-8,0.5930
1.497E-8,0.5930
1.5E-8,0.5930
1.5E-8,0.5930
1.5E-8,0.5930
1.5E-8,0.5930
1.5E-8,0.5930
1.5E-8,0.5930
1.501E-8,0.5690
1.501E-8,0.5414
1.501E-8,0.5414
1.502E-8,0.5414
1.504E-8,0.5414
1.504E-8,0.5414
1.504E-8,0.5414
1.504E-8,0.5414
1.504E-8,0.5414
1.505E-8,0.5414
1.506E-8,0.5414
1.508E-8,0.5414
1.511E-8,0.5414
1.514E-8,0.5414
1.514E-8,0.5414
1.514E-8,0.5414
1.514E-8,0.5414
1.514E-8,0.5414
1.515E-8,0.5414
1.515E-8,0.5195
1.515E-8,0.4941
1.516E-8,0.4941
1.517E-8,0.4941
1.518E-8,0.4941
1.518E-8,0.4941
1.518E-8,0.4941
1.518E-8,0.4941
1.518E-8,0.4941
1.519E-8,0.4941
1.52E-8,0.4941
1.522E-8,0.4941
1.526E-8,0.4941
1.529E-8,0.4941
1.529E-8,0.4941
1.529E-8,0.4941
1.529E-8,0.4941
1.529E-8,0.4941
1.529E-8,0.4941
1.529E-8,0.4722
1.529E-8,0.4469
1.53E-8,0.4469
1.531E-8,0.4469
1.532E-8,0.4469
1.532E-8,0.4469
1.532E-8,0.4469
1.532E-8,0.4469
1.533E-8,0.4469
1.533E-8,0.4469
1.534E-8,0.4469
1.537E-8,0.4469
1.54E-8,0.4469
1.543E-8,0.4469
1.543E-8,0.4469
1.543E-8,0.4469
1.543E-8,0.4469
1.543E-8,0.4469
1.543E-8,0.4469
1.543E-8,0.4249
1.544E-8,0.3996
1.544E-8,0.3996
1.545E-8,0.3996
1.546E-8,0.3996
1.547E-8,0.3996
1.547E-8,0.3996
1.547E-8,0.3996
1.547E-8,0.3996
1.548E-8,0.3996
1.549E-8,0.3996
1.551E-8,0.3996
1.554E-8,0.3996
1.557E-8,0.3996
1.557E-8,0.3996
1.557E-8,0.3996
1.557E-8,0.3996
1.557E-8,0.3996
1.557E-8,0.3996
1.558E-8,0.3777
1.558E-8,0.3523
1.558E-8,0.3523
1.56E-8,0.3523
1.561E-8,0.3523
1.561E-8,0.3523
1.561E-8,0.3523
1.561E-8,0.3523
1.561E-8,0.3523
1.562E-8,0.3523
1.563E-8,0.3523
1.565E-8,0.3523
1.568E-8,0.3523
1.571E-8,0.3523
1.571E-8,0.3523
1.571E-8,0.3523
1.571E-8,0.3523
1.572E-8,0.3523
1.572E-8,0.3523
1.572E-8,0.3304
1.572E-8,0.3051
1.573E-8,0.3051
1.574E-8,0.3051
1.575E-8,0.3051
1.575E-8,0.3051
1.575E-8,0.3051
1.575E-8,0.3051
1.576E-8,0.3051
1.576E-8,0.3051
1.577E-8,0.3051
1.58E-8,0.3051
1.583E-8,0.3051
1.586E-8,0.3051
1.586E-8,0.3051
1.586E-8,0.3051
1.586E-8,0.3051
1.586E-8,0.3051
1.586E-8,0.3051
1.586E-8,0.2851
1.586E-8,0.2621
1.587E-8,0.2621
1.588E-8,0.2621
1.589E-8,0.2621
1.589E-8,0.2621
1.589E-8,0.2621
1.59E-8,0.2621
1.59E-8,0.2621
1.59E-8,0.2621
1.592E-8,0.2621
1.594E-8,0.2621
1.597E-8,0.2621
1.6E-8,0.2621
1.6E-8,0.2621
1.6E-8,0.2621
1.6E-8,0.2621
1.6E-8,0.2621
1.6E-8,0.2621
1.601E-8,0.2442
1.601E-8,0.2234
1.601E-8,0.2234
1.602E-8,0.2234
1.604E-8,0.2234
1.604E-8,0.2234
1.604E-8,0.2234
1.604E-8,0.2234
1.604E-8,0.2234
1.605E-8,0.2234
1.606E-8,0.2234
1.608E-8,0.2234
1.611E-8,0.2234
1.614E-8,0.2234
1.614E-8,0.2234
1.614E-8,0.2234
1.614E-8,0.2234
1.614E-8,0.2234
1.615E-8,0.2234
1.615E-8,0.2055
1.615E-8,0.1848
1.616E-8,0.1848
1.617E-8,0.1848
1.618E-8,0.1848
1.618E-8,0.1848
1.618E-8,0.1848
1.618E-8,0.1848
1.618E-8,0.1848
1.619E-8,0.1848
1.62E-8,0.1848
1.622E-8,0.1848
1.626E-8,0.1848
1.629E-8,0.1848
1.629E-8,0.1848
1.629E-8,0.1848
1.629E-8,0.1848
1.629E-8,0.1848
1.629E-8,0.1848
1.629E-8,0.1688
1.629E-8,0.1504
1.630E-8,0.1504
1.631E-8,0.1504
1.632E-8,0.1504
1.632E-8,0.1504
1.632E-8,0.1504
1.632E-8,0.1504
1.633E-8,0.1504
1.633E-8,0.1504
1.634E-8,0.1504
1.637E-8,0.1504
1.640E-8,0.1504
1.643E-8,0.1504
1.643E-8,0.1504
1.643E-8,0.1504
1.643E-8,0.1504
1.643E-8,0.1504
1.643E-8,0.1504
1.643E-8,0.1344
1.644E-8,0.1160
1.644E-8,0.1160
1.645E-8,0.1160
1.646E-8,0.1160
1.646E-8,0.1160
1.647E-8,0.1160
1.647E-8,0.1160
1.647E-8,0.1160
1.648E-8,0.1160
1.649E-8,0.1160
1.651E-8,0.1160
1.654E-8,0.1160
1.657E-8,0.1160
1.657E-8,0.1160
1.657E-8,0.1160
1.657E-8,0.1160
1.657E-8,0.1160
1.657E-8,0.1160
1.658E-8,0.1021
1.658E-8,0.08594
1.658E-8,0.08594
1.660E-8,0.08594
1.661E-8,0.08594
1.661E-8,0.08594
1.661E-8,0.08594
1.661E-8,0.08594
1.661E-8,0.08594
1.662E-8,0.08594
1.663E-8,0.08594
1.665E-8,0.08594
1.668E-8,0.08594
1.671E-8,0.08594
1.671E-8,0.08594
1.671E-8,0.08594
1.671E-8,0.08594
1.672E-8,0.08594
1.672E-8,0.08594
1.672E-8,0.07596
1.672E-8,0.06445
1.673E-8,0.06445
1.674E-8,0.06445
1.675E-8,0.06445
1.675E-8,0.06445
1.675E-8,0.06445
1.675E-8,0.06445
1.676E-8,0.06445
1.676E-8,0.06445
1.677E-8,0.06445
1.68E-8,0.06445
1.683E-8,0.06445
1.686E-8,0.06445
1.686E-8,0.06445
1.686E-8,0.06445
1.686E-8,0.06445
1.686E-8,0.06445
1.686E-8,0.06445
1.686E-8,0.05448
1.686E-8,0.04297
1.687E-8,0.04297
1.688E-8,0.04297
1.689E-8,0.04297
1.689E-8,0.04297
1.689E-8,0.04297
1.69E-8,0.04297
1.69E-8,0.04297
1.69E-8,0.04297
1.692E-8,0.04297
1.694E-8,0.04297
1.697E-8,0.04297
1.7E-8,0.04297
1.7E-8,0.04297
1.7E-8,0.04297
1.7E-8,0.04297
1.7E-8,0.04297
1.7E-8,0.04297
1.701E-8,0.03499
1.701E-8,0.02578
1.701E-8,0.02578
1.702E-8,0.02578
1.704E-8,0.02578
1.704E-8,0.02578
1.704E-8,0.02578
1.704E-8,0.02578
1.704E-8,0.02578
1.705E-8,0.02578
1.706E-8,0.02578
1.708E-8,0.02578
1.711E-8,0.02578
1.714E-8,0.02578
1.714E-8,0.02578
1.714E-8,0.02578
1.714E-8,0.02578
1.714E-8,0.02578
1.715E-8,0.02578
1.715E-8,0.01980
1.715E-8,0.01289
1.716E-8,0.01289
1.717E-8,0.01289
1.718E-8,0.01289
1.718E-8,0.01289
1.718E-8,0.01289
1.718E-8,0.01289
1.718E-8,0.01289
1.719E-8,0.01289
1.72E-8,0.01289
1.722E-8,0.01289
1.726E-8,0.01289
1.729E-8,0.01289
1.729E-8,0.01289
1.729E-8,0.01289
1.729E-8,0.01289
1.729E-8,0.01289
1.729E-8,0.01289
1.729E-8,8.901E-3
1.729E-8,4.297E-3
1.73E-8,4.297E-3
1.731E-8,4.297E-3
1.732E-8,4.297E-3
1.732E-8,4.297E-3
1.732E-8,4.297E-3
1.732E-8,4.297E-3
1.733E-8,4.297E-3
1.733E-8,4.297E-3
1.734E-8,4.297E-3
1.737E-8,4.297E-3
1.74E-8,4.297E-3
1.743E-8,4.297E-3
1.743E-8,4.297E-3
1.743E-8,4.297E-3
1.743E-8,4.297E-3
1.743E-8,4.297E-3
1.743E-8,4.297E-3
1.743E-8,2.302E-3
1.744E-8,0.00000
1.744E-8,0.00000
1.745E-8,0.00000
1.746E-8,0.00000
1.747E-8,0.00000
1.747E-8,0.00000
1.747E-8,0.00000
1.747E-8,0.00000
1.748E-8,0.00000
1.749E-8,0.00000
1.751E-8,0.00000
1.754E-8,0.00000
1.757E-8,0.00000
1.757E-8,0.00000
1.757E-8,0.00000
1.757E-8,0.00000
1.757E-8,0.00000
1.757E-8,0.00000
1.758E-8,0.00000
1.758E-8,0.00000
1.759E-8,0.00000
1.761E-8,0.00000
1.761E-8,0.00000
1.761E-8,0.00000
1.761E-8,0.00000
1.761E-8,0.00000
1.762E-8,0.00000
1.763E-8,0.00000
1.765E-8,0.00000
1.768E-8,0.00000
1.771E-8,0.00000
1.771E-8,0.00000
1.771E-8,0.00000
1.771E-8,0.00000
1.772E-8,0.00000
1.772E-8,0.00000
1.772E-8,1.995E-3
1.772E-8,4.297E-3
1.773E-8,4.297E-3
1.774E-8,4.297E-3
1.775E-8,4.297E-3
1.775E-8,4.297E-3
1.775E-8,4.297E-3
1.775E-8,4.297E-3
1.776E-8,4.297E-3
1.776E-8,4.297E-3
1.777E-8,4.297E-3
1.78E-8,4.297E-3
1.783E-8,4.297E-3
1.786E-8,4.297E-3
1.786E-8,4.297E-3
1.786E-8,4.297E-3
1.786E-8,4.297E-3
1.786E-8,4.297E-3
1.786E-8,4.297E-3
1.786E-8,8.287E-3
1.786E-8,0.01289
1.787E-8,0.01289
1.788E-8,0.01289
1.789E-8,0.01289
1.789E-8,0.01289
1.789E-8,0.01289
1.79E-8,0.01289
1.79E-8,0.01289
1.79E-8,0.01289
1.792E-8,0.01289
1.794E-8,0.01289
1.797E-8,0.01289
1.8E-8,0.01289
1.8E-8,0.01289
1.8E-8,0.01289
1.8E-8,0.01289
1.8E-8,0.01289
1.8E-8,0.01289
1.801E-8,0.01888
1.801E-8,0.02578
1.801E-8,0.02578
1.802E-8,0.02578
1.804E-8,0.02578
1.804E-8,0.02578
1.804E-8,0.02578
1.804E-8,0.02578
1.804E-8,0.02578
1.805E-8,0.02578
1.806E-8,0.02578
1.808E-8,0.02578
1.811E-8,0.02578
1.814E-8,0.02578
1.814E-8,0.02578
1.814E-8,0.02578
1.814E-8,0.02578
1.814E-8,0.02578
1.815E-8,0.02578
1.815E-8,0.03376
1.815E-8,0.04297
1.816E-8,0.04297
1.817E-8,0.04297
1.818E-8,0.04297
1.818E-8,0.04297
1.818E-8,0.04297
1.818E-8,0.04297
1.818E-8,0.04297
1.819E-8,0.04297
1.82E-8,0.04297
1.822E-8,0.04297
1.826E-8,0.04297
1.829E-8,0.04297
1.829E-8,0.04297
1.829E-8,0.04297
1.829E-8,0.04297
1.829E-8,0.04297
1.829E-8,0.04297
1.829E-8,0.05294
1.829E-8,0.06445
1.83E-8,0.06445
1.831E-8,0.06445
1.832E-8,0.06445
1.832E-8,0.06445
1.832E-8,0.06445
1.832E-8,0.06445
1.833E-8,0.06445
1.833E-8,0.06445
1.834E-8,0.06445
1.837E-8,0.06445
1.84E-8,0.06445
1.843E-8,0.06445
1.843E-8,0.06445
1.843E-8,0.06445
1.843E-8,0.06445
1.843E-8,0.06445
1.843E-8,0.06445
1.843E-8,0.07443
1.844E-8,0.08594
1.844E-8,0.08594
1.845E-8,0.08594
1.846E-8,0.08594
1.847E-8,0.08594
1.847E-8,0.08594
1.847E-8,0.08594
1.847E-8,0.08594
1.848E-8,0.08594
1.849E-8,0.08594
1.851E-8,0.08594
1.854E-8,0.08594
1.857E-8,0.08594
1.857E-8,0.08594
1.857E-8,0.08594
1.857E-8,0.08594
1.857E-8,0.08594
1.857E-8,0.08594
1.858E-8,0.09990
1.858E-8,0.1160
1.858E-8,0.1160
1.86E-8,0.1160
1.861E-8,0.1160
1.861E-8,0.1160
1.861E-8,0.1160
1.861E-8,0.1160
1.861E-8,0.1160
1.862E-8,0.1160
1.863E-8,0.1160
1.865E-8,0.1160
1.868E-8,0.1160
1.871E-8,0.1160
1.871E-8,0.1160
1.871E-8,0.1160
1.871E-8,0.1160
1.872E-8,0.1160
1.872E-8,0.1160
1.872E-8,0.1320
1.872E-8,0.1504
1.873E-8,0.1504
1.874E-8,0.1504
1.875E-8,0.1504
1.875E-8,0.1504
1.875E-8,0.1504
1.875E-8,0.1504
1.876E-8,0.1504
1.876E-8,0.1504
1.877E-8,0.1504
1.880E-8,0.1504
1.883E-8,0.1504
1.886E-8,0.1504
1.886E-8,0.1504
1.886E-8,0.1504
1.886E-8,0.1504
1.886E-8,0.1504
1.886E-8,0.1504
1.886E-8,0.1664
1.886E-8,0.1848
1.887E-8,0.1848
1.888E-8,0.1848
1.889E-8,0.1848
1.889E-8,0.1848
1.889E-8,0.1848
1.890E-8,0.1848
1.890E-8,0.1848
1.890E-8,0.1848
1.892E-8,0.1848
1.894E-8,0.1848
1.897E-8,0.1848
1.900E-8,0.1848
1.900E-8,0.1848
1.900E-8,0.1848
1.900E-8,0.1848
1.900E-8,0.1848
1.900E-8,0.1848
1.901E-8,0.2027
1.901E-8,0.2234
1.901E-8,0.2234
1.902E-8,0.2234
1.904E-8,0.2234
1.904E-8,0.2234
1.904E-8,0.2234
1.904E-8,0.2234
1.904E-8,0.2234
1.905E-8,0.2234
1.906E-8,0.2234
1.908E-8,0.2234
1.911E-8,0.2234
1.914E-8,0.2234
1.914E-8,0.2234
1.914E-8,0.2234
1.914E-8,0.2234
1.914E-8,0.2234
1.915E-8,0.2234
1.915E-8,0.2414
1.915E-8,0.2621
1.916E-8,0.2621
1.917E-8,0.2621
1.918E-8,0.2621
1.918E-8,0.2621
1.918E-8,0.2621
1.918E-8,0.2621
1.918E-8,0.2621
1.919E-8,0.2621
1.92E-8,0.2621
1.922E-8,0.2621
1.926E-8,0.2621
1.929E-8,0.2621
1.929E-8,0.2621
1.929E-8,0.2621
1.929E-8,0.2621
1.929E-8,0.2621
1.929E-8,0.2621
1.929E-8,0.2821
1.929E-8,0.3051
1.93E-8,0.3051
1.931E-8,0.3051
1.932E-8,0.3051
1.932E-8,0.3051
1.932E-8,0.3051
1.932E-8,0.3051
1.933E-8,0.3051
1.933E-8,0.3051
1.934E-8,0.3051
1.937E-8,0.3051
1.94E-8,0.3051
1.943E-8,0.3051
1.943E-8,0.3051
1.943E-8,0.3051
1.943E-8,0.3051
1.943E-8,0.3051
1.943E-8,0.3051
1.943E-8,0.3270
1.944E-8,0.3523
1.944E-8,0.3523
1.945E-8,0.3523
1.946E-8,0.3523
1.947E-8,0.3523
1.947E-8,0.3523
1.947E-8,0.3523
1.947E-8,0.3523
1.948E-8,0.3523
1.949E-8,0.3523
1.951E-8,0.3523
1.954E-8,0.3523
1.957E-8,0.3523
1.957E-8,0.3523
1.957E-8,0.3523
1.957E-8,0.3523
1.957E-8,0.3523
1.957E-8,0.3523
1.958E-8,0.3743
1.958E-8,0.3996
1.958E-8,0.3996
1.96E-8,0.3996
1.961E-8,0.3996
1.961E-8,0.3996
1.961E-8,0.3996
1.961E-8,0.3996
1.961E-8,0.3996
1.962E-8,0.3996
1.963E-8,0.3996
1.965E-8,0.3996
1.968E-8,0.3996
1.971E-8,0.3996
1.971E-8,0.3996
1.971E-8,0.3996
1.971E-8,0.3996
1.972E-8,0.3996
1.972E-8,0.3996
1.972E-8,0.4216
1.972E-8,0.4469
1.973E-8,0.4469
1.974E-8,0.4469
1.975E-8,0.4469
1.975E-8,0.4469
1.975E-8,0.4469
1.975E-8,0.4469
1.976E-8,0.4469
1.976E-8,0.4469
1.977E-8,0.4469
1.98E-8,0.4469
1.983E-8,0.4469
1.986E-8,0.4469
1.986E-8,0.4469
1.986E-8,0.4469
1.986E-8,0.4469
1.986E-8,0.4469
1.986E-8,0.4469
1.986E-8,0.4688
1.986E-8,0.4941
1.987E-8,0.4941
1.988E-8,0.4941
1.989E-8,0.4941
1.989E-8,0.4941
1.989E-8,0.4941
1.99E-8,0.4941
1.99E-8,0.4941
1.99E-8,0.4941
1.992E-8,0.4941
1.994E-8,0.4941
1.997E-8,0.4941
2.0E-8,0.4941
2.0E-8,0.4941
2.0E-8,0.4941
2.0E-8,0.4941
2.0E-8,0.4941
2.0E-8,0.4941
2.001E-8,0.5161
2.001E-8,0.5414
2.001E-8,0.5414
2.002E-8,0.5414
2.004E-8,0.5414
2.004E-8,0.5414
2.004E-8,0.5414
2.004E-8,0.5414
2.004E-8,0.5414
2.005E-8,0.5414
2.006E-8,0.5414
2.008E-8,0.5414
2.011E-8,0.5414
2.014E-8,0.5414
2.014E-8,0.5414
2.014E-8,0.5414
2.014E-8,0.5414
2.014E-8,0.5414
2.015E-8,0.5414
2.015E-8,0.5653
2.015E-8,0.5930
2.016E-8,0.5930
2.017E-8,0.5930
2.018E-8,0.5930
2.018E-8,0.5930
2.018E-8,0.5930
2.018E-8,0.5930
2.018E-8,0.5930
2.019E-8,0.5930
2.02E-8,0.5930
2.022E-8,0.5930
2.026E-8,0.5930
2.029E-8,0.5930
2.029E-8,0.5930
2.029E-8,0.5930
2.029E-8,0.5930
2.029E-8,0.5930
2.029E-8,0.5930
2.029E-8,0.6149
2.029E-8,0.6402
2.030E-8,0.6402
2.031E-8,0.6402
2.032E-8,0.6402
2.032E-8,0.6402
2.032E-8,0.6402
2.032E-8,0.6402
2.033E-8,0.6402
2.033E-8,0.6402
2.034E-8,0.6402
2.037E-8,0.6402
2.04E-8,0.6402
2.043E-8,0.6402
2.043E-8,0.6402
2.043E-8,0.6402
2.043E-8,0.6402
2.043E-8,0.6402
2.043E-8,0.6402
2.043E-8,0.6622
2.044E-8,0.6875
2.044E-8,0.6875
2.045E-8,0.6875
2.046E-8,0.6875
2.047E-8,0.6875
2.047E-8,0.6875
2.047E-8,0.6875
2.047E-8,0.6875
2.048E-8,0.6875
2.049E-8,0.6875
2.051E-8,0.6875
2.054E-8,0.6875
2.057E-8,0.6875
2.057E-8,0.6875
2.057E-8,0.6875
2.057E-8,0.6875
2.057E-8,0.6875
2.057E-8,0.6875
2.058E-8,0.7094
2.058E-8,0.7348
2.058E-8,0.7348
2.06E-8,0.7348
2.061E-8,0.7348
2.061E-8,0.7348
2.061E-8,0.7348
2.061E-8,0.7348
2.061E-8,0.7348
2.062E-8,0.7348
2.063E-8,0.7348
2.065E-8,0.7348
2.068E-8,0.7348
2.071E-8,0.7348
2.071E-8,0.7348
2.071E-8,0.7348
2.071E-8,0.7348
2.072E-8,0.7348
2.072E-8,0.7348
2.072E-8,0.7547
2.072E-8,0.7777
2.073E-8,0.7777
2.074E-8,0.7777
2.075E-8,0.7777
2.075E-8,0.7777
2.075E-8,0.7777
2.075E-8,0.7777
2.076E-8,0.7777
2.076E-8,0.7777
2.077E-8,0.7777
2.08E-8,0.7777
2.083E-8,0.7777
2.086E-8,0.7777
2.086E-8,0.7777
2.086E-8,0.7777
2.086E-8,0.7777
2.086E-8,0.7777
2.086E-8,0.7777
2.086E-8,0.7977
2.086E-8,0.8207
2.087E-8,0.8207
2.088E-8,0.8207
2.089E-8,0.8207
2.089E-8,0.8207
2.089E-8,0.8207
2.09E-8,0.8207
2.09E-8,0.8207
2.09E-8,0.8207
2.092E-8,0.8207
2.094E-8,0.8207
2.097E-8,0.8207
2.1E-8,0.8207
2.1E-8,0.8207
2.1E-8,0.8207
2.1E-8,0.8207
2.1E-8,0.8207
2.1E-8,0.8207
2.101E-8,0.8407
2.101E-8,0.8637
2.101E-8,0.8637
2.102E-8,0.8637
2.104E-8,0.8637
2.104E-8,0.8637
2.104E-8,0.8637
2.104E-8,0.8637
2.104E-8,0.8637
2.105E-8,0.8637
2.106E-8,0.8637
2.108E-8,0.8637
2.111E-8,0.8637
2.114E-8,0.8637
2.114E-8,0.8637
2.114E-8,0.8637
2.114E-8,0.8637
2.114E-8,0.8637
2.115E-8,0.8637
2.115E-8,0.8816
2.115E-8,0.9023
2.116E-8,0.9023
2.117E-8,0.9023
2.118E-8,0.9023
2.118E-8,0.9023
2.118E-8,0.9023
2.118E-8,0.9023
2.118E-8,0.9023
2.119E-8,0.9023
2.12E-8,0.9023
2.122E-8,0.9023
2.126E-8,0.9023
2.129E-8,0.9023
2.129E-8,0.9023
2.129E-8,0.9023
2.129E-8,0.9023
2.129E-8,0.9023
2.129E-8,0.9023
2.129E-8,0.9183
2.129E-8,0.9367
2.13E-8,0.9367
2.131E-8,0.9367
2.132E-8,0.9367
2.132E-8,0.9367
2.132E-8,0.9367
2.132E-8,0.9367
2.133E-8,0.9367
2.133E-8,0.9367
2.134E-8,0.9367
2.137E-8,0.9367
2.14E-8,0.9367
2.143E-8,0.9367
2.143E-8,0.9367
2.143E-8,0.9367
2.143E-8,0.9367
2.143E-8,0.9367
2.143E-8,0.9367
2.143E-8,0.9507
2.144E-8,0.9668
2.144E-8,0.9668
2.145E-8,0.9668
2.146E-8,0.9668
2.147E-8,0.9668
2.147E-8,0.9668
2.147E-8,0.9668
2.147E-8,0.9668
2.148E-8,0.9668
2.149E-8,0.9668
2.151E-8,0.9668
2.154E-8,0.9668
2.157E-8,0.9668
2.157E-8,0.9668
2.157E-8,0.9668
2.157E-8,0.9668
2.157E-8,0.9668
2.157E-8,0.9668
2.158E-8,0.9808
2.158E-8,0.9969
2.158E-8,0.9969
2.16E-8,0.9969
2.161E-8,0.9969
2.161E-8,0.9969
2.161E-8,0.9969
2.161E-8,0.9969
2.161E-8,0.9969
2.162E-8,0.9969
2.163E-8,0.9969
2.165E-8,0.9969
2.168E-8,0.9969
2.171E-8,0.9969
2.171E-8,0.9969
2.171E-8,0.9969
2.171E-8,0.9969
2.172E-8,0.9969
2.172E-8,0.9969
2.172E-8,1.009
2.172E-8,1.023
2.173E-8,1.023
2.174E-8,1.023
2.175E-8,1.023
2.175E-8,1.023
2.175E-8,1.023
2.175E-8,1.023
2.176E-8,1.023
2.176E-8,1.023
2.177E-8,1.023
2.18E-8,1.023
2.183E-8,1.023
2.186E-8,1.023
2.186E-8,1.023
2.186E-8,1.023
2.186E-8,1.023
2.186E-8,1.023
2.186E-8,1.023
2.186E-8,1.033
2.186E-8,1.044
2.187E-8,1.044
2.188E-8,1.044
2.189E-8,1.044
2.189E-8,1.044
2.189E-8,1.044
2.19E-8,1.044
2.19E-8,1.044
2.19E-8,1.044
2.192E-8,1.044
2.194E-8,1.044
2.197E-8,1.044
2.2E-8,1.044
2.2E-8,1.044
2.2E-8,1.044
2.2E-8,1.044
2.2E-8,1.044
2.2E-8,1.044
2.201E-8,1.052
2.201E-8,1.061
2.201E-8,1.061
2.202E-8,1.061
2.204E-8,1.061
2.204E-8,1.061
2.204E-8,1.061
2.204E-8,1.061
2.204E-8,1.061
2.205E-8,1.061
2.206E-8,1.061
2.208E-8,1.061
2.211E-8,1.061
2.214E-8,1.061
2.214E-8,1.061
2.214E-8,1.061
2.214E-8,1.061
2.214E-8,1.061
2.215E-8,1.061
2.215E-8,1.067
2.215E-8,1.074
2.216E-8,1.074
2.217E-8,1.074
2.218E-8,1.074
2.218E-8,1.074
2.218E-8,1.074
2.218E-8,1.074
2.218E-8,1.074
2.219E-8,1.074
2.22E-8,1.074
2.222E-8,1.074
2.226E-8,1.074
2.229E-8,1.074
2.229E-8,1.074
2.229E-8,1.074
2.229E-8,1.074
2.229E-8,1.074
2.229E-8,1.074
2.229E-8,1.078
2.229E-8,1.083
2.23E-8,1.083
2.231E-8,1.083
2.232E-8,1.083
2.232E-8,1.083
2.232E-8,1.083
2.232E-8,1.083
2.233E-8,1.083
2.233E-8,1.083
2.234E-8,1.083
2.237E-8,1.083
2.24E-8,1.083
2.243E-8,1.083
2.243E-8,1.083
2.243E-8,1.083
2.243E-8,1.083
2.243E-8,1.083
2.243E-8,1.083
2.243E-8,1.085
2.244E-8,1.087
2.244E-8,1.087
2.245E-8,1.087
2.246E-8,1.087
2.247E-8,1.087
2.247E-8,1.087
2.247E-8,1.087
2.247E-8,1.087
2.248E-8,1.087
2.249E-8,1.087
2.251E-8,1.087
2.254E-8,1.087
2.257E-8,1.087
2.257E-8,1.087
2.257E-8,1.087
2.257E-8,1.087
2.257E-8,1.087
2.257E-8,1.087
2.258E-8,1.087
2.258E-8,1.087
2.259E-8,1.087
2.261E-8,1.087
2.261E-8,1.087
2.261E-8,1.087
2.261E-8,1.087
2.261E-8,1.087
2.262E-8,1.087
2.263E-8,1.087
2.265E-8,1.087
2.268E-8,1.087
2.271E-8,1.087
2.271E-8,1.087
2.271E-8,1.087
2.271E-8,1.087
2.272E-8,1.087
2.272E-8,1.087
2.272E-8,1.085
2.272E-8,1.083
2.273E-8,1.083
2.274E-8,1.083
2.275E-8,1.083
2.275E-8,1.083
2.275E-8,1.083
2.275E-8,1.083
2.276E-8,1.083
2.276E-8,1.083
2.277E-8,1.083
2.280E-8,1.083
2.283E-8,1.083
2.286E-8,1.083
2.286E-8,1.083
2.286E-8,1.083
2.286E-8,1.083
2.286E-8,1.083
2.286E-8,1.083
2.286E-8,1.079
2.286E-8,1.074
2.287E-8,1.074
2.288E-8,1.074
2.289E-8,1.074
2.289E-8,1.074
2.289E-8,1.074
2.29E-8,1.074
2.29E-8,1.074
2.29E-8,1.074
2.292E-8,1.074
2.294E-8,1.074
2.297E-8,1.074
2.300E-8,1.074
2.300E-8,1.074
2.300E-8,1.074
2.300E-8,1.074
2.300E-8,1.074
2.300E-8,1.074
2.301E-8,1.068
2.301E-8,1.061
2.301E-8,1.061
2.302E-8,1.061
2.304E-8,1.061
2.304E-8,1.061
2.304E-8,1.061
2.304E-8,1.061
2.304E-8,1.061
2.305E-8,1.061
2.306E-8,1.061
2.308E-8,1.061
2.311E-8,1.061
2.314E-8,1.061
2.314E-8,1.061
2.314E-8,1.061
2.314E-8,1.061
2.314E-8,1.061
2.315E-8,1.061
2.315E-8,1.053
2.315E-8,1.044
2.316E-8,1.044
2.317E-8,1.044
2.318E-8,1.044
2.318E-8,1.044
2.318E-8,1.044
2.318E-8,1.044
2.318E-8,1.044
2.319E-8,1.044
2.32E-8,1.044
2.322E-8,1.044
2.326E-8,1.044
2.329E-8,1.044
2.329E-8,1.044
2.329E-8,1.044
2.329E-8,1.044
2.329E-8,1.044
2.329E-8,1.044
2.329E-8,1.034
2.329E-8,1.023
2.33E-8,1.023
2.331E-8,1.023
2.332E-8,1.023
2.332E-8,1.023
2.332E-8,1.023
2.332E-8,1.023
2.333E-8,1.023
2.333E-8,1.023
2.334E-8,1.023
2.337E-8,1.023
2.34E-8,1.023
2.343E-8,1.023
2.343E-8,1.023
2.343E-8,1.023
2.343E-8,1.023
2.343E-8,1.023
2.343E-8,1.023
2.343E-8,1.011
2.344E-8,0.9969
2.344E-8,0.9969
2.345E-8,0.9969
2.346E-8,0.9969
2.347E-8,0.9969
2.347E-8,0.9969
2.347E-8,0.9969
2.347E-8,0.9969
2.348E-8,0.9969
2.349E-8,0.9969
2.351E-8,0.9969
2.354E-8,0.9969
2.357E-8,0.9969
2.357E-8,0.9969
2.357E-8,0.9969
2.357E-8,0.9969
2.357E-8,0.9969
2.357E-8,0.9969
2.358E-8,0.9829
2.358E-8,0.9668
2.358E-8,0.9668
2.36E-8,0.9668
2.361E-8,0.9668
2.361E-8,0.9668
2.361E-8,0.9668
2.361E-8,0.9668
2.361E-8,0.9668
2.362E-8,0.9668
2.363E-8,0.9668
2.365E-8,0.9668
2.368E-8,0.9668
2.371E-8,0.9668
2.371E-8,0.9668
2.371E-8,0.9668
2.371E-8,0.9668
2.372E-8,0.9668
2.372E-8,0.9668
2.372E-8,0.9528
2.372E-8,0.9367
2.373E-8,0.9367
2.374E-8,0.9367
2.375E-8,0.9367
2.375E-8,0.9367
2.375E-8,0.9367
2.375E-8,0.9367
2.376E-8,0.9367
2.376E-8,0.9367
2.377E-8,0.9367
2.38E-8,0.9367
2.383E-8,0.9367
2.386E-8,0.9367
2.386E-8,0.9367
2.386E-8,0.9367
2.386E-8,0.9367
2.386E-8,0.9367
2.386E-8,0.9367
2.386E-8,0.9208
2.386E-8,0.9023
2.387E-8,0.9023
2.388E-8,0.9023
2.389E-8,0.9023
2.389E-8,0.9023
2.389E-8,0.9023
2.39E-8,0.9023
2.39E-8,0.9023
2.39E-8,0.9023
2.392E-8,0.9023
2.394E-8,0.9023
2.397E-8,0.9023
2.4E-8,0.9023
2.4E-8,0.9023
2.4E-8,0.9023
2.4E-8,0.9023
2.4E-8,0.9023
2.4E-8,0.9023
2.401E-8,0.8844
2.401E-8,0.8637
2.401E-8,0.8637
2.402E-8,0.8637
2.404E-8,0.8637
2.404E-8,0.8637
2.404E-8,0.8637
2.404E-8,0.8637
2.404E-8,0.8637
2.405E-8,0.8637
2.406E-8,0.8637
2.408E-8,0.8637
2.411E-8,0.8637
2.414E-8,0.8637
2.414E-8,0.8637
2.414E-8,0.8637
2.414E-8,0.8637
2.414E-8,0.8637
2.415E-8,0.8637
2.415E-8,0.8437
2.415E-8,0.8207
2.416E-8,0.8207
2.417E-8,0.8207
2.418E-8,0.8207
2.418E-8,0.8207
2.418E-8,0.8207
2.418E-8,0.8207
2.418E-8,0.8207
2.419E-8,0.8207
2.42E-8,0.8207
2.422E-8,0.8207
2.426E-8,0.8207
2.429E-8,0.8207
2.429E-8,0.8207
2.429E-8,0.8207
2.429E-8,0.8207
2.429E-8,0.8207
2.429E-8,0.8207
2.429E-8,0.8008
2.429E-8,0.7777
2.43E-8,0.7777
2.431E-8,0.7777
2.432E-8,0.7777
2.432E-8,0.7777
2.432E-8,0.7777
2.432E-8,0.7777
2.433E-8,0.7777
2.433E-8,0.7777
2.434E-8,0.7777
2.437E-8,0.7777
2.44E-8,0.7777
2.443E-8,0.7777
2.443E-8,0.7777
2.443E-8,0.7777
2.443E-8,0.7777
2.443E-8,0.7777
2.443E-8,0.7777
2.443E-8,0.7578
2.444E-8,0.7348
2.444E-8,0.7348
2.445E-8,0.7348
2.446E-8,0.7348
2.447E-8,0.7348
2.447E-8,0.7348
2.447E-8,0.7348
2.447E-8,0.7348
2.448E-8,0.7348
2.449E-8,0.7348
2.451E-8,0.7348
2.454E-8,0.7348
2.457E-8,0.7348
2.457E-8,0.7348
2.457E-8,0.7348
2.457E-8,0.7348
2.457E-8,0.7348
2.457E-8,0.7348
2.458E-8,0.7128
2.458E-8,0.6875
2.458E-8,0.6875
2.46E-8,0.6875
2.461E-8,0.6875
2.461E-8,0.6875
2.461E-8,0.6875
2.461E-8,0.6875
2.461E-8,0.6875
2.462E-8,0.6875
2.463E-8,0.6875
2.465E-8,0.6875
2.468E-8,0.6875
2.471E-8,0.6875
2.471E-8,0.6875
2.471E-8,0.6875
2.471E-8,0.6875
2.472E-8,0.6875
2.472E-8,0.6875
2.472E-8,0.6656
2.472E-8,0.6402
2.473E-8,0.6402
2.474E-8,0.6402
2.475E-8,0.6402
2.475E-8,0.6402
2.475E-8,0.6402
2.475E-8,0.6402
2.476E-8,0.6402
2.476E-8,0.6402
2.477E-8,0.6402
2.48E-8,0.6402
2.483E-8,0.6402
2.486E-8,0.6402
2.486E-8,0.6402
2.486E-8,0.6402
2.486E-8,0.6402
2.486E-8,0.6402
2.486E-8,0.6402
2.486E-8,0.6183
2.486E-8,0.5930
2.487E-8,0.5930
2.488E-8,0.5930
2.489E-8,0.5930
2.489E-8,0.5930
2.489E-8,0.5930
2.49E-8,0.5930
2.49E-8,0.5930
2.49E-8,0.5930
2.492E-8,0.5930
2.494E-8,0.5930
2.497E-8,0.5930
2.5E-8,0.5930
2.5E-8,0.5930
2.5E-8,0.5930
2.5E-8,0.5930
2.5E-8,0.5930
2.5E-8,0.5930
2.501E-8,0.5690
2.501E-8,0.5414
2.501E-8,0.5414
2.502E-8,0.5414
2.504E-8,0.5414
2.504E-8,0.5414
2.504E-8,0.5414
2.504E-8,0.5414
2.504E-8,0.5414
2.505E-8,0.5414
2.506E-8,0.5414
2.508E-8,0.5414
2.511E-8,0.5414
2.514E-8,0.5414
2.514E-8,0.5414
2.514E-8,0.5414
2.514E-8,0.5414
2.514E-8,0.5414
2.515E-8,0.5414
2.515E-8,0.5195
2.515E-8,0.4941
2.516E-8,0.4941
2.517E-8,0.4941
2.518E-8,0.4941
2.518E-8,0.4941
2.518E-8,0.4941
2.518E-8,0.4941
2.518E-8,0.4941
2.519E-8,0.4941
2.52E-8,0.4941
2.522E-8,0.4941
2.526E-8,0.4941
2.529E-8,0.4941
2.529E-8,0.4941
2.529E-8,0.4941
2.529E-8,0.4941
2.529E-8,0.4941
2.529E-8,0.4941
2.529E-8,0.4722
2.529E-8,0.4469
2.530E-8,0.4469
2.531E-8,0.4469
2.532E-8,0.4469
2.532E-8,0.4469
2.532E-8,0.4469
2.532E-8,0.4469
2.533E-8,0.4469
2.533E-8,0.4469
2.534E-8,0.4469
2.537E-8,0.4469
2.54E-8,0.4469
2.543E-8,0.4469
2.543E-8,0.4469
2.543E-8,0.4469
2.543E-8,0.4469
2.543E-8,0.4469
2.543E-8,0.4469
2.543E-8,0.4249
2.544E-8,0.3996
2.544E-8,0.3996
2.545E-8,0.3996
2.546E-8,0.3996
2.547E-8,0.3996
2.547E-8,0.3996
2.547E-8,0.3996
2.547E-8,0.3996
2.548E-8,0.3996
2.549E-8,0.3996
2.551E-8,0.3996
2.554E-8,0.3996
2.557E-8,0.3996
2.557E-8,0.3996
2.557E-8,0.3996
2.557E-8,0.3996
2.557E-8,0.3996
2.557E-8,0.3996
2.558E-8,0.3777
2.558E-8,0.3523
2.558E-8,0.3523
2.56E-8,0.3523
2.561E-8,0.3523
2.561E-8,0.3523
2.561E-8,0.3523
2.561E-8,0.3523
2.561E-8,0.3523
2.562E-8,0.3523
2.563E-8,0.3523
2.565E-8,0.3523
2.568E-8,0.3523
2.571E-8,0.3523
2.571E-8,0.3523
2.571E-8,0.3523
2.571E-8,0.3523
2.572E-8,0.3523
2.572E-8,0.3523
2.572E-8,0.3304
2.572E-8,0.3051
2.573E-8,0.3051
2.574E-8,0.3051
2.575E-8,0.3051
2.575E-8,0.3051
2.575E-8,0.3051
2.575E-8,0.3051
2.576E-8,0.3051
2.576E-8,0.3051
2.577E-8,0.3051
2.58E-8,0.3051
2.583E-8,0.3051
2.586E-8,0.3051
2.586E-8,0.3051
2.586E-8,0.3051
2.586E-8,0.3051
2.586E-8,0.3051
2.586E-8,0.3051
2.586E-8,0.2851
2.586E-8,0.2621
2.587E-8,0.2621
2.588E-8,0.2621
2.589E-8,0.2621
2.589E-8,0.2621
2.589E-8,0.2621
2.59E-8,0.2621
2.59E-8,0.2621
2.59E-8,0.2621
2.592E-8,0.2621
2.594E-8,0.2621
2.597E-8,0.2621
2.6E-8,0.2621
2.6E-8,0.2621
2.6E-8,0.2621
2.6E-8,0.2621
2.6E-8,0.2621
2.6E-8,0.2621
2.601E-8,0.2442
2.601E-8,0.2234
2.601E-8,0.2234
2.602E-8,0.2234
2.604E-8,0.2234
2.604E-8,0.2234
2.604E-8,0.2234
2.604E-8,0.2234
2.604E-8,0.2234
2.605E-8,0.2234
2.606E-8,0.2234
2.608E-8,0.2234
2.611E-8,0.2234
2.614E-8,0.2234
2.614E-8,0.2234
2.614E-8,0.2234
2.614E-8,0.2234
2.614E-8,0.2234
2.615E-8,0.2234
2.615E-8,0.2055
2.615E-8,0.1848
2.616E-8,0.1848
2.617E-8,0.1848
2.618E-8,0.1848
2.618E-8,0.1848
2.618E-8,0.1848
2.618E-8,0.1848
2.618E-8,0.1848
2.619E-8,0.1848
2.62E-8,0.1848
2.622E-8,0.1848
2.626E-8,0.1848
2.629E-8,0.1848
2.629E-8,0.1848
2.629E-8,0.1848
2.629E-8,0.1848
2.629E-8,0.1848
2.629E-8,0.1848
2.629E-8,0.1688
2.629E-8,0.1504
2.63E-8,0.1504
2.631E-8,0.1504
2.632E-8,0.1504
2.632E-8,0.1504
2.632E-8,0.1504
2.632E-8,0.1504
2.633E-8,0.1504
2.633E-8,0.1504
2.634E-8,0.1504
2.637E-8,0.1504
2.64E-8,0.1504
2.643E-8,0.1504
2.643E-8,0.1504
2.643E-8,0.1504
2.643E-8,0.1504
2.643E-8,0.1504
2.643E-8,0.1504
2.643E-8,0.1344
2.644E-8,0.1160
2.644E-8,0.1160
2.645E-8,0.1160
2.646E-8,0.1160
2.647E-8,0.1160
2.647E-8,0.1160
2.647E-8,0.1160
2.647E-8,0.1160
2.648E-8,0.1160
2.649E-8,0.1160
2.651E-8,0.1160
2.654E-8,0.1160
2.657E-8,0.1160
2.657E-8,0.1160
2.657E-8,0.1160
2.657E-8,0.1160
2.657E-8,0.1160
2.657E-8,0.1160
2.658E-8,0.1021
2.658E-8,0.08594
2.658E-8,0.08594
2.66E-8,0.08594
2.661E-8,0.08594
2.661E-8,0.08594
2.661E-8,0.08594
2.661E-8,0.08594
2.661E-8,0.08594
2.662E-8,0.08594
2.663E-8,0.08594
2.665E-8,0.08594
2.668E-8,0.08594
2.671E-8,0.08594
2.671E-8,0.08594
2.671E-8,0.08594
2.671E-8,0.08594
2.672E-8,0.08594
2.672E-8,0.08594
2.672E-8,0.07596
2.672E-8,0.06445
2.673E-8,0.06445
2.674E-8,0.06445
2.675E-8,0.06445
2.675E-8,0.06445
2.675E-8,0.06445
2.675E-8,0.06445
2.676E-8,0.06445
2.676E-8,0.06445
2.677E-8,0.06445
2.68E-8,0.06445
2.683E-8,0.06445
2.686E-8,0.06445
2.686E-8,0.06445
2.686E-8,0.06445
2.686E-8,0.06445
2.686E-8,0.06445
2.686E-8,0.06445
2.686E-8,0.05448
2.686E-8,0.04297
2.687E-8,0.04297
2.688E-8,0.04297
2.689E-8,0.04297
2.689E-8,0.04297
2.689E-8,0.04297
2.69E-8,0.04297
2.69E-8,0.04297
2.69E-8,0.04297
2.692E-8,0.04297
2.694E-8,0.04297
2.697E-8,0.04297
2.7E-8,0.04297
2.7E-8,0.04297
2.7E-8,0.04297
2.7E-8,0.04297
2.7E-8,0.04297
2.7E-8,0.04297
2.701E-8,0.03499
2.701E-8,0.02578
2.701E-8,0.02578
2.702E-8,0.02578
2.704E-8,0.02578
2.704E-8,0.02578
2.704E-8,0.02578
2.704E-8,0.02578
2.704E-8,0.02578
2.705E-8,0.02578
2.706E-8,0.02578
2.708E-8,0.02578
2.711E-8,0.02578
2.714E-8,0.02578
2.714E-8,0.02578
2.714E-8,0.02578
2.714E-8,0.02578
2.714E-8,0.02578
2.715E-8,0.02578
2.715E-8,0.01980
2.715E-8,0.01289
2.716E-8,0.01289
2.717E-8,0.01289
2.718E-8,0.01289
2.718E-8,0.01289
2.718E-8,0.01289
2.718E-8,0.01289
2.718E-8,0.01289
2.719E-8,0.01289
2.72E-8,0.01289
2.722E-8,0.01289
2.726E-8,0.01289
2.729E-8,0.01289
2.729E-8,0.01289
2.729E-8,0.01289
2.729E-8,0.01289
2.729E-8,0.01289
2.729E-8,0.01289
2.729E-8,8.901E-3
2.729E-8,4.297E-3
2.73E-8,4.297E-3
2.731E-8,4.297E-3
2.732E-8,4.297E-3
2.732E-8,4.297E-3
2.732E-8,4.297E-3
2.732E-8,4.297E-3
2.733E-8,4.297E-3
2.733E-8,4.297E-3
2.734E-8,4.297E-3
2.737E-8,4.297E-3
2.74E-8,4.297E-3
2.743E-8,4.297E-3
2.743E-8,4.297E-3
2.743E-8,4.297E-3
2.743E-8,4.297E-3
2.743E-8,4.297E-3
2.743E-8,4.297E-3
2.743E-8,2.302E-3
2.744E-8,0.00000
2.744E-8,0.00000
2.745E-8,0.00000
2.746E-8,0.00000
2.747E-8,0.00000
2.747E-8,0.00000
2.747E-8,0.00000
2.747E-8,0.00000
2.748E-8,0.00000
2.749E-8,0.00000
2.751E-8,0.00000
2.754E-8,0.00000
2.757E-8,0.00000
2.757E-8,0.00000
2.757E-8,0.00000
2.757E-8,0.00000
2.757E-8,0.00000
2.757E-8,0.00000
2.758E-8,0.00000
2.758E-8,0.00000
2.759E-8,0.00000
2.761E-8,0.00000
2.761E-8,0.00000
2.761E-8,0.00000
2.761E-8,0.00000
2.761E-8,0.00000
2.762E-8,0.00000
2.763E-8,0.00000
2.765E-8,0.00000
2.768E-8,0.00000
2.771E-8,0.00000
2.771E-8,0.00000
2.771E-8,0.00000
2.771E-8,0.00000
2.772E-8,0.00000
2.772E-8,0.00000
2.772E-8,1.995E-3
2.772E-8,4.297E-3
2.773E-8,4.297E-3
2.774E-8,4.297E-3
2.775E-8,4.297E-3
2.775E-8,4.297E-3
2.775E-8,4.297E-3
2.775E-8,4.297E-3
2.776E-8,4.297E-3
2.776E-8,4.297E-3
2.777E-8,4.297E-3
2.780E-8,4.297E-3
2.783E-8,4.297E-3
2.786E-8,4.297E-3
2.786E-8,4.297E-3
2.786E-8,4.297E-3
2.786E-8,4.297E-3
2.786E-8,4.297E-3
2.786E-8,4.297E-3
2.786E-8,8.287E-3
2.786E-8,0.01289
2.787E-8,0.01289
2.788E-8,0.01289
2.789E-8,0.01289
2.789E-8,0.01289
2.789E-8,0.01289
2.79E-8,0.01289
2.79E-8,0.01289
2.79E-8,0.01289
2.792E-8,0.01289
2.794E-8,0.01289
2.797E-8,0.01289
2.800E-8,0.01289
2.800E-8,0.01289
2.800E-8,0.01289
2.800E-8,0.01289
2.800E-8,0.01289
2.800E-8,0.01289
2.801E-8,0.01888
2.801E-8,0.02578
2.801E-8,0.02578
2.802E-8,0.02578
2.804E-8,0.02578
2.804E-8,0.02578
2.804E-8,0.02578
2.804E-8,0.02578
2.804E-8,0.02578
2.805E-8,0.02578
2.806E-8,0.02578
2.808E-8,0.02578
2.811E-8,0.02578
2.814E-8,0.02578
2.814E-8,0.02578
2.814E-8,0.02578
2.814E-8,0.02578
2.814E-8,0.02578
2.815E-8,0.02578
2.815E-8,0.03376
2.815E-8,0.04297
2.816E-8,0.04297
2.817E-8,0.04297
2.818E-8,0.04297
2.818E-8,0.04297
2.818E-8,0.04297
2.818E-8,0.04297
2.818E-8,0.04297
2.819E-8,0.04297
2.82E-8,0.04297
2.822E-8,0.04297
2.826E-8,0.04297
2.829E-8,0.04297
2.829E-8,0.04297
2.829E-8,0.04297
2.829E-8,0.04297
2.829E-8,0.04297
2.829E-8,0.04297
2.829E-8,0.05294
2.829E-8,0.06445
2.83E-8,0.06445
2.831E-8,0.06445
2.832E-8,0.06445
2.832E-8,0.06445
2.832E-8,0.06445
2.832E-8,0.06445
2.833E-8,0.06445
2.833E-8,0.06445
2.834E-8,0.06445
2.837E-8,0.06445
2.84E-8,0.06445
2.843E-8,0.06445
2.843E-8,0.06445
2.843E-8,0.06445
2.843E-8,0.06445
2.843E-8,0.06445
2.843E-8,0.06445
2.843E-8,0.07443
2.844E-8,0.08594
2.844E-8,0.08594
2.845E-8,0.08594
2.846E-8,0.08594
2.847E-8,0.08594
2.847E-8,0.08594
2.847E-8,0.08594
2.847E-8,0.08594
2.848E-8,0.08594
2.849E-8,0.08594
2.851E-8,0.08594
2.854E-8,0.08594
2.857E-8,0.08594
2.857E-8,0.08594
2.857E-8,0.08594
2.857E-8,0.08594
2.857E-8,0.08594
2.857E-8,0.08594
2.858E-8,0.09990
2.858E-8,0.1160
2.858E-8,0.1160
2.86E-8,0.1160
2.861E-8,0.1160
2.861E-8,0.1160
2.861E-8,0.1160
2.861E-8,0.1160
2.861E-8,0.1160
2.862E-8,0.1160
2.863E-8,0.1160
2.865E-8,0.1160
2.868E-8,0.1160
2.871E-8,0.1160
2.871E-8,0.1160
2.871E-8,0.1160
2.871E-8,0.1160
2.872E-8,0.1160
2.872E-8,0.1160
2.872E-8,0.1320
2.872E-8,0.1504
2.873E-8,0.1504
2.874E-8,0.1504
2.875E-8,0.1504
2.875E-8,0.1504
2.875E-8,0.1504
2.875E-8,0.1504
2.876E-8,0.1504
2.876E-8,0.1504
2.877E-8,0.1504
2.88E-8,0.1504
2.883E-8,0.1504
2.886E-8,0.1504
2.886E-8,0.1504
2.886E-8,0.1504
2.886E-8,0.1504
2.886E-8,0.1504
2.886E-8,0.1504
2.886E-8,0.1664
2.886E-8,0.1848
2.887E-8,0.1848
2.888E-8,0.1848
2.889E-8,0.1848
2.889E-8,0.1848
2.889E-8,0.1848
2.89E-8,0.1848
2.89E-8,0.1848
2.89E-8,0.1848
2.892E-8,0.1848
2.894E-8,0.1848
2.897E-8,0.1848
2.9E-8,0.1848
2.9E-8,0.1848
2.9E-8,0.1848
2.9E-8,0.1848
2.9E-8,0.1848
2.9E-8,0.1848
2.901E-8,0.2027
2.901E-8,0.2234
2.901E-8,0.2234
2.902E-8,0.2234
2.904E-8,0.2234
2.904E-8,0.2234
2.904E-8,0.2234
2.904E-8,0.2234
2.904E-8,0.2234
2.905E-8,0.2234
2.906E-8,0.2234
2.908E-8,0.2234
2.911E-8,0.2234
2.914E-8,0.2234
2.914E-8,0.2234
2.914E-8,0.2234
2.914E-8,0.2234
2.914E-8,0.2234
2.915E-8,0.2234
2.915E-8,0.2414
2.915E-8,0.2621
2.916E-8,0.2621
2.917E-8,0.2621
2.918E-8,0.2621
2.918E-8,0.2621
2.918E-8,0.2621
2.918E-8,0.2621
2.918E-8,0.2621
2.919E-8,0.2621
2.92E-8,0.2621
2.922E-8,0.2621
2.926E-8,0.2621
2.929E-8,0.2621
2.929E-8,0.2621
2.929E-8,0.2621
2.929E-8,0.2621
2.929E-8,0.2621
2.929E-8,0.2621
2.929E-8,0.2821
2.929E-8,0.3051
2.93E-8,0.3051
2.931E-8,0.3051
2.932E-8,0.3051
2.932E-8,0.3051
2.932E-8,0.3051
2.932E-8,0.3051
2.933E-8,0.3051
2.933E-8,0.3051
2.934E-8,0.3051
2.937E-8,0.3051
2.94E-8,0.3051
2.943E-8,0.3051
2.943E-8,0.3051
2.943E-8,0.3051
2.943E-8,0.3051
2.943E-8,0.3051
2.943E-8,0.3051
2.943E-8,0.3270
2.944E-8,0.3523
2.944E-8,0.3523
2.945E-8,0.3523
2.946E-8,0.3523
2.947E-8,0.3523
2.947E-8,0.3523
2.947E-8,0.3523
2.947E-8,0.3523
2.948E-8,0.3523
2.949E-8,0.3523
2.951E-8,0.3523
2.954E-8,0.3523
2.957E-8,0.3523
2.957E-8,0.3523
2.957E-8,0.3523
2.957E-8,0.3523
2.957E-8,0.3523
2.957E-8,0.3523
2.958E-8,0.3743
2.958E-8,0.3996
2.958E-8,0.3996
2.96E-8,0.3996
2.961E-8,0.3996
2.961E-8,0.3996
2.961E-8,0.3996
2.961E-8,0.3996
2.961E-8,0.3996
2.962E-8,0.3996
2.963E-8,0.3996
2.965E-8,0.3996
2.968E-8,0.3996
2.971E-8,0.3996
2.971E-8,0.3996
2.971E-8,0.3996
2.971E-8,0.3996
2.972E-8,0.3996
2.972E-8,0.3996
2.972E-8,0.4216
2.972E-8,0.4469
2.973E-8,0.4469
2.974E-8,0.4469
2.975E-8,0.4469
2.975E-8,0.4469
2.975E-8,0.4469
2.975E-8,0.4469
2.976E-8,0.4469
2.976E-8,0.4469
2.977E-8,0.4469
2.98E-8,0.4469
2.983E-8,0.4469
2.986E-8,0.4469
2.986E-8,0.4469
2.986E-8,0.4469
2.986E-8,0.4469
2.986E-8,0.4469
2.986E-8,0.4469
2.986E-8,0.4688
2.986E-8,0.4941
2.987E-8,0.4941
2.988E-8,0.4941
2.989E-8,0.4941
2.989E-8,0.4941
2.989E-8,0.4941
2.99E-8,0.4941
2.99E-8,0.4941
2.99E-8,0.4941
2.992E-8,0.4941
2.994E-8,0.4941
2.997E-8,0.4941
3.0E-8,0.4941
3.0E-8,0.4941
3.0E-8,0.4941
3.0E-8,0.4941
3.0E-8,0.4941
3.0E-8,0.4941
3.001E-8,0.5161
3.001E-8,0.5414
3.001E-8,0.5414
3.002E-8,0.5414
3.004E-8,0.5414
3.004E-8,0.5414
3.004E-8,0.5414
3.004E-8,0.5414
3.004E-8,0.5414
3.005E-8,0.5414
3.006E-8,0.5414
3.008E-8,0.5414
3.011E-8,0.5414
3.014E-8,0.5414
3.014E-8,0.5414
3.014E-8,0.5414
3.014E-8,0.5414
3.014E-8,0.5414
3.015E-8,0.5414
3.015E-8,0.5653
3.015E-8,0.5930
3.016E-8,0.5930
3.017E-8,0.5930
3.018E-8,0.5930
3.018E-8,0.5930
3.018E-8,0.5930
3.018E-8,0.5930
3.018E-8,0.5930
3.019E-8,0.5930
3.02E-8,0.5930
3.022E-8,0.5930
3.025E-8,0.5930
3.029E-8,0.5930
3.029E-8,0.5930
3.029E-8,0.5930
3.029E-8,0.5930
3.029E-8,0.5930
3.029E-8,0.5930
3.029E-8,0.6149
3.029E-8,0.6402
3.030E-8,0.6402
3.031E-8,0.6402
3.032E-8,0.6402
3.032E-8,0.6402
3.032E-8,0.6402
3.032E-8,0.6402
3.033E-8,0.6402
3.033E-8,0.6402
3.034E-8,0.6402
3.037E-8,0.6402
3.04E-8,0.6402
3.043E-8,0.6402
3.043E-8,0.6402
3.043E-8,0.6402
3.043E-8,0.6402
3.043E-8,0.6402
3.043E-8,0.6402
3.043E-8,0.6622
3.044E-8,0.6875
3.044E-8,0.6875
3.045E-8,0.6875
3.046E-8,0.6875
3.046E-8,0.6875
3.047E-8,0.6875
3.047E-8,0.6875
3.047E-8,0.6875
3.048E-8,0.6875
3.049E-8,0.6875
3.051E-8,0.6875
3.054E-8,0.6875
3.057E-8,0.6875
3.057E-8,0.6875
3.057E-8,0.6875
3.057E-8,0.6875
3.057E-8,0.6875
3.057E-8,0.6875
3.058E-8,0.7094
3.058E-8,0.7348
3.058E-8,0.7348
3.06E-8,0.7348
3.061E-8,0.7348
3.061E-8,0.7348
3.061E-8,0.7348
3.061E-8,0.7348
3.061E-8,0.7348
3.062E-8,0.7348
3.063E-8,0.7348
3.065E-8,0.7348
3.068E-8,0.7348
3.071E-8,0.7348
3.071E-8,0.7348
3.071E-8,0.7348
3.071E-8,0.7348
3.072E-8,0.7348
3.072E-8,0.7348
3.072E-8,0.7547
3.072E-8,0.7777
3.073E-8,0.7777
3.074E-8,0.7777
3.075E-8,0.7777
3.075E-8,0.7777
3.075E-8,0.7777
3.075E-8,0.7777
3.076E-8,0.7777
3.076E-8,0.7777
3.077E-8,0.7777
3.08E-8,0.7777
3.083E-8,0.7777
3.086E-8,0.7777
3.086E-8,0.7777
3.086E-8,0.7777
3.086E-8,0.7777
3.086E-8,0.7777
3.086E-8,0.7777
3.086E-8,0.7977
3.086E-8,0.8207
3.087E-8,0.8207
3.088E-8,0.8207
3.089E-8,0.8207
3.089E-8,0.8207
3.089E-8,0.8207
3.09E-8,0.8207
3.09E-8,0.8207
3.09E-8,0.8207
3.092E-8,0.8207
3.094E-8,0.8207
3.097E-8,0.8207
3.1E-8,0.8207
3.1E-8,0.8207
3.1E-8,0.8207
3.1E-8,0.8207
3.1E-8,0.8207
3.1E-8,0.8207
3.101E-8,0.8407
3.101E-8,0.8637
3.101E-8,0.8637
3.102E-8,0.8637
3.104E-8,0.8637
3.104E-8,0.8637
3.104E-8,0.8637
3.104E-8,0.8637
3.104E-8,0.8637
3.105E-8,0.8637
3.106E-8,0.8637
3.108E-8,0.8637
3.111E-8,0.8637
3.114E-8,0.8637
3.114E-8,0.8637
3.114E-8,0.8637
3.114E-8,0.8637
3.114E-8,0.8637
3.115E-8,0.8637
3.115E-8,0.8816
3.115E-8,0.9023
3.116E-8,0.9023
3.117E-8,0.9023
3.118E-8,0.9023
3.118E-8,0.9023
3.118E-8,0.9023
3.118E-8,0.9023
3.118E-8,0.9023
3.119E-8,0.9023
3.12E-8,0.9023
3.122E-8,0.9023
3.125E-8,0.9023
3.129E-8,0.9023
3.129E-8,0.9023
3.129E-8,0.9023
3.129E-8,0.9023
3.129E-8,0.9023
3.129E-8,0.9023
3.129E-8,0.9183
3.129E-8,0.9367
3.13E-8,0.9367
3.131E-8,0.9367
3.132E-8,0.9367
3.132E-8,0.9367
3.132E-8,0.9367
3.132E-8,0.9367
3.133E-8,0.9367
3.133E-8,0.9367
3.134E-8,0.9367
3.137E-8,0.9367
3.14E-8,0.9367
3.143E-8,0.9367
3.143E-8,0.9367
3.143E-8,0.9367
3.143E-8,0.9367
3.143E-8,0.9367
3.143E-8,0.9367
3.143E-8,0.9507
3.144E-8,0.9668
3.144E-8,0.9668
3.145E-8,0.9668
3.146E-8,0.9668
3.146E-8,0.9668
3.147E-8,0.9668
3.147E-8,0.9668
3.147E-8,0.9668
3.148E-8,0.9668
3.149E-8,0.9668
3.151E-8,0.9668
3.154E-8,0.9668
3.157E-8,0.9668
3.157E-8,0.9668
3.157E-8,0.9668
3.157E-8,0.9668
3.157E-8,0.9668
3.157E-8,0.9668
3.158E-8,0.9808
3.158E-8,0.9969
3.158E-8,0.9969
3.16E-8,0.9969
3.161E-8,0.9969
3.161E-8,0.9969
3.161E-8,0.9969
3.161E-8,0.9969
3.161E-8,0.9969
3.162E-8,0.9969
3.163E-8,0.9969
3.165E-8,0.9969
3.168E-8,0.9969
3.171E-8,0.9969
3.171E-8,0.9969
3.171E-8,0.9969
3.171E-8,0.9969
3.172E-8,0.9969
3.172E-8,0.9969
3.172E-8,1.009
3.172E-8,1.023
3.173E-8,1.023
3.174E-8,1.023
3.175E-8,1.023
3.175E-8,1.023
3.175E-8,1.023
3.175E-8,1.023
3.176E-8,1.023
3.176E-8,1.023
3.177E-8,1.023
3.18E-8,1.023
3.183E-8,1.023
3.186E-8,1.023
3.186E-8,1.023
3.186E-8,1.023
3.186E-8,1.023
3.186E-8,1.023
3.186E-8,1.023
3.186E-8,1.033
3.186E-8,1.044
3.187E-8,1.044
3.188E-8,1.044
3.189E-8,1.044
3.189E-8,1.044
3.189E-8,1.044
3.19E-8,1.044
3.19E-8,1.044
3.19E-8,1.044
3.192E-8,1.044
3.194E-8,1.044
3.197E-8,1.044
3.2E-8,1.044
3.2E-8,1.044
3.2E-8,1.044
3.2E-8,1.044
3.2E-8,1.044
3.2E-8,1.044
3.201E-8,1.052
3.201E-8,1.061
3.201E-8,1.061
3.202E-8,1.061
3.204E-8,1.061
3.204E-8,1.061
3.204E-8,1.061
3.204E-8,1.061
3.204E-8,1.061
3.205E-8,1.061
3.206E-8,1.061
3.208E-8,1.061
3.211E-8,1.061
3.214E-8,1.061
3.214E-8,1.061
3.214E-8,1.061
3.214E-8,1.061
3.214E-8,1.061
3.215E-8,1.061
3.215E-8,1.067
3.215E-8,1.074
3.216E-8,1.074
3.217E-8,1.074
3.218E-8,1.074
3.218E-8,1.074
3.218E-8,1.074
3.218E-8,1.074
3.218E-8,1.074
3.219E-8,1.074
3.22E-8,1.074
3.222E-8,1.074
3.225E-8,1.074
3.229E-8,1.074
3.229E-8,1.074
3.229E-8,1.074
3.229E-8,1.074
3.229E-8,1.074
3.229E-8,1.074
3.229E-8,1.078
3.229E-8,1.083
3.23E-8,1.083
3.231E-8,1.083
3.232E-8,1.083
3.232E-8,1.083
3.232E-8,1.083
3.232E-8,1.083
3.233E-8,1.083
3.233E-8,1.083
3.234E-8,1.083
3.237E-8,1.083
3.24E-8,1.083
3.243E-8,1.083
3.243E-8,1.083
3.243E-8,1.083
3.243E-8,1.083
3.243E-8,1.083
3.243E-8,1.083
3.243E-8,1.085
3.244E-8,1.087
3.244E-8,1.087
3.245E-8,1.087
3.246E-8,1.087
3.246E-8,1.087
3.247E-8,1.087
3.247E-8,1.087
3.247E-8,1.087
3.248E-8,1.087
3.249E-8,1.087
3.251E-8,1.087
3.254E-8,1.087
3.257E-8,1.087
3.257E-8,1.087
3.257E-8,1.087
3.257E-8,1.087
3.257E-8,1.087
3.257E-8,1.087
3.258E-8,1.087
3.258E-8,1.087
3.259E-8,1.087
3.261E-8,1.087
3.261E-8,1.087
3.261E-8,1.087
3.261E-8,1.087
3.261E-8,1.087
3.262E-8,1.087
3.263E-8,1.087
3.265E-8,1.087
3.268E-8,1.087
3.271E-8,1.087
3.271E-8,1.087
3.271E-8,1.087
3.271E-8,1.087
3.272E-8,1.087
3.272E-8,1.087
3.272E-8,1.085
3.272E-8,1.083
3.273E-8,1.083
3.274E-8,1.083
3.275E-8,1.083
3.275E-8,1.083
3.275E-8,1.083
3.275E-8,1.083
3.276E-8,1.083
3.276E-8,1.083
3.277E-8,1.083
3.280E-8,1.083
3.283E-8,1.083
3.286E-8,1.083
3.286E-8,1.083
3.286E-8,1.083
3.286E-8,1.083
3.286E-8,1.083
3.286E-8,1.083
3.286E-8,1.079
3.286E-8,1.074
3.287E-8,1.074
3.288E-8,1.074
3.289E-8,1.074
3.289E-8,1.074
3.289E-8,1.074
3.29E-8,1.074
3.29E-8,1.074
3.29E-8,1.074
3.292E-8,1.074
3.294E-8,1.074
3.297E-8,1.074
3.300E-8,1.074
3.300E-8,1.074
3.300E-8,1.074
3.300E-8,1.074
3.300E-8,1.074
3.300E-8,1.074
3.301E-8,1.068
3.301E-8,1.061
3.301E-8,1.061
3.302E-8,1.061
3.304E-8,1.061
3.304E-8,1.061
3.304E-8,1.061
3.304E-8,1.061
3.304E-8,1.061
3.305E-8,1.061
3.306E-8,1.061
3.308E-8,1.061
3.311E-8,1.061
3.314E-8,1.061
3.314E-8,1.061
3.314E-8,1.061
3.314E-8,1.061
3.314E-8,1.061
3.315E-8,1.061
3.315E-8,1.053
3.315E-8,1.044
3.316E-8,1.044
3.317E-8,1.044
3.318E-8,1.044
3.318E-8,1.044
3.318E-8,1.044
3.318E-8,1.044
3.318E-8,1.044
3.319E-8,1.044
3.320E-8,1.044
3.322E-8,1.044
3.325E-8,1.044
3.329E-8,1.044
3.329E-8,1.044
3.329E-8,1.044
3.329E-8,1.044
3.329E-8,1.044
3.329E-8,1.044
3.329E-8,1.034
3.329E-8,1.023
3.33E-8,1.023
3.331E-8,1.023
3.332E-8,1.023
3.332E-8,1.023
3.332E-8,1.023
3.332E-8,1.023
3.333E-8,1.023
3.333E-8,1.023
3.334E-8,1.023
3.337E-8,1.023
3.34E-8,1.023
3.343E-8,1.023
3.343E-8,1.023
3.343E-8,1.023
3.343E-8,1.023
3.343E-8,1.023
3.343E-8,1.023
3.343E-8,1.011
3.344E-8,0.9969
3.344E-8,0.9969
3.345E-8,0.9969
3.346E-8,0.9969
3.346E-8,0.9969
3.347E-8,0.9969
3.347E-8,0.9969
3.347E-8,0.9969
3.348E-8,0.9969
3.349E-8,0.9969
3.351E-8,0.9969
3.354E-8,0.9969
3.357E-8,0.9969
3.357E-8,0.9969
3.357E-8,0.9969
3.357E-8,0.9969
3.357E-8,0.9969
3.357E-8,0.9969
3.358E-8,0.9829
3.358E-8,0.9668
3.358E-8,0.9668
3.36E-8,0.9668
3.361E-8,0.9668
3.361E-8,0.9668
3.361E-8,0.9668
3.361E-8,0.9668
3.361E-8,0.9668
3.362E-8,0.9668
3.363E-8,0.9668
3.365E-8,0.9668
3.368E-8,0.9668
3.371E-8,0.9668
3.371E-8,0.9668
3.371E-8,0.9668
3.371E-8,0.9668
3.372E-8,0.9668
3.372E-8,0.9668
3.372E-8,0.9528
3.372E-8,0.9367
3.373E-8,0.9367
3.374E-8,0.9367
3.375E-8,0.9367
3.375E-8,0.9367
3.375E-8,0.9367
3.375E-8,0.9367
3.376E-8,0.9367
3.376E-8,0.9367
3.377E-8,0.9367
3.38E-8,0.9367
3.383E-8,0.9367
3.386E-8,0.9367
3.386E-8,0.9367
3.386E-8,0.9367
3.386E-8,0.9367
3.386E-8,0.9367
3.386E-8,0.9367
3.386E-8,0.9208
3.386E-8,0.9023
3.387E-8,0.9023
3.388E-8,0.9023
3.389E-8,0.9023
3.389E-8,0.9023
3.389E-8,0.9023
3.39E-8,0.9023
3.39E-8,0.9023
3.39E-8,0.9023
3.392E-8,0.9023
3.394E-8,0.9023
3.397E-8,0.9023
3.4E-8,0.9023
3.4E-8,0.9023
3.4E-8,0.9023
3.4E-8,0.9023
3.4E-8,0.9023
3.4E-8,0.9023
3.401E-8,0.8844
3.401E-8,0.8637
3.401E-8,0.8637
3.402E-8,0.8637
3.404E-8,0.8637
3.404E-8,0.8637
3.404E-8,0.8637
3.404E-8,0.8637
3.404E-8,0.8637
3.405E-8,0.8637
3.406E-8,0.8637
3.408E-8,0.8637
3.411E-8,0.8637
3.414E-8,0.8637
3.414E-8,0.8637
3.414E-8,0.8637
3.414E-8,0.8637
3.414E-8,0.8637
3.415E-8,0.8637
3.415E-8,0.8437
3.415E-8,0.8207
3.416E-8,0.8207
3.417E-8,0.8207
3.418E-8,0.8207
3.418E-8,0.8207
3.418E-8,0.8207
3.418E-8,0.8207
3.418E-8,0.8207
3.419E-8,0.8207
3.42E-8,0.8207
3.422E-8,0.8207
3.425E-8,0.8207
3.429E-8,0.8207
3.429E-8,0.8207
3.429E-8,0.8207
3.429E-8,0.8207
3.429E-8,0.8207
3.429E-8,0.8207
3.429E-8,0.8008
3.429E-8,0.7777
3.43E-8,0.7777
3.431E-8,0.7777
3.432E-8,0.7777
3.432E-8,0.7777
3.432E-8,0.7777
3.432E-8,0.7777
3.433E-8,0.7777
3.433E-8,0.7777
3.434E-8,0.7777
3.437E-8,0.7777
3.44E-8,0.7777
3.443E-8,0.7777
3.443E-8,0.7777
3.443E-8,0.7777
3.443E-8,0.7777
3.443E-8,0.7777
3.443E-8,0.7777
3.443E-8,0.7578
3.444E-8,0.7348
3.444E-8,0.7348
3.445E-8,0.7348
3.446E-8,0.7348
3.446E-8,0.7348
3.447E-8,0.7348
3.447E-8,0.7348
3.447E-8,0.7348
3.448E-8,0.7348
3.449E-8,0.7348
3.451E-8,0.7348
3.454E-8,0.7348
3.457E-8,0.7348
3.457E-8,0.7348
3.457E-8,0.7348
3.457E-8,0.7348
3.457E-8,0.7348
3.457E-8,0.7348
3.458E-8,0.7128
3.458E-8,0.6875
3.458E-8,0.6875
3.46E-8,0.6875
3.461E-8,0.6875
3.461E-8,0.6875
3.461E-8,0.6875
3.461E-8,0.6875
3.461E-8,0.6875
3.462E-8,0.6875
3.463E-8,0.6875
3.465E-8,0.6875
3.468E-8,0.6875
3.471E-8,0.6875
3.471E-8,0.6875
3.471E-8,0.6875
3.471E-8,0.6875
3.472E-8,0.6875
3.472E-8,0.6875
3.472E-8,0.6656
3.472E-8,0.6402
3.473E-8,0.6402
3.474E-8,0.6402
3.475E-8,0.6402
3.475E-8,0.6402
3.475E-8,0.6402
3.475E-8,0.6402
3.476E-8,0.6402
3.476E-8,0.6402
3.477E-8,0.6402
3.48E-8,0.6402
3.483E-8,0.6402
3.486E-8,0.6402
3.486E-8,0.6402
3.486E-8,0.6402
3.486E-8,0.6402
3.486E-8,0.6402
3.486E-8,0.6402
3.486E-8,0.6183
3.486E-8,0.5930
3.487E-8,0.5930
3.488E-8,0.5930
3.489E-8,0.5930
3.489E-8,0.5930
3.489E-8,0.5930
3.49E-8,0.5930
3.49E-8,0.5930
3.49E-8,0.5930
3.492E-8,0.5930
3.494E-8,0.5930
3.497E-8,0.5930
3.5E-8,0.5930
3.5E-8,0.5930
3.5E-8,0.5930
3.5E-8,0.5930
3.5E-8,0.5930
3.5E-8,0.5930
3.501E-8,0.5690
3.501E-8,0.5414
3.501E-8,0.5414
3.502E-8,0.5414
3.504E-8,0.5414
3.504E-8,0.5414
3.504E-8,0.5414
3.504E-8,0.5414
3.504E-8,0.5414
3.505E-8,0.5414
3.506E-8,0.5414
3.508E-8,0.5414
3.511E-8,0.5414
3.514E-8,0.5414
3.514E-8,0.5414
3.514E-8,0.5414
3.514E-8,0.5414
3.514E-8,0.5414
3.515E-8,0.5414
3.515E-8,0.5195
3.515E-8,0.4941
3.516E-8,0.4941
3.517E-8,0.4941
3.518E-8,0.4941
3.518E-8,0.4941
3.518E-8,0.4941
3.518E-8,0.4941
3.518E-8,0.4941
3.519E-8,0.4941
3.52E-8,0.4941
3.522E-8,0.4941
3.525E-8,0.4941
3.529E-8,0.4941
3.529E-8,0.4941
3.529E-8,0.4941
3.529E-8,0.4941
3.529E-8,0.4941
3.529E-8,0.4941
3.529E-8,0.4722
3.529E-8,0.4469
3.530E-8,0.4469
3.531E-8,0.4469
3.532E-8,0.4469
3.532E-8,0.4469
3.532E-8,0.4469
3.532E-8,0.4469
3.533E-8,0.4469
3.533E-8,0.4469
3.534E-8,0.4469
3.537E-8,0.4469
3.54E-8,0.4469
3.543E-8,0.4469
3.543E-8,0.4469
3.543E-8,0.4469
3.543E-8,0.4469
3.543E-8,0.4469
3.543E-8,0.4469
3.543E-8,0.4249
3.544E-8,0.3996
3.544E-8,0.3996
3.545E-8,0.3996
3.546E-8,0.3996
3.546E-8,0.3996
3.547E-8,0.3996
3.547E-8,0.3996
3.547E-8,0.3996
3.548E-8,0.3996
3.549E-8,0.3996
3.551E-8,0.3996
3.554E-8,0.3996
3.557E-8,0.3996
3.557E-8,0.3996
3.557E-8,0.3996
3.557E-8,0.3996
3.557E-8,0.3996
3.557E-8,0.3996
3.558E-8,0.3777
3.558E-8,0.3523
3.558E-8,0.3523
3.56E-8,0.3523
3.561E-8,0.3523
3.561E-8,0.3523
3.561E-8,0.3523
3.561E-8,0.3523
3.561E-8,0.3523
3.562E-8,0.3523
3.563E-8,0.3523
3.565E-8,0.3523
3.568E-8,0.3523
3.571E-8,0.3523
3.571E-8,0.3523
3.571E-8,0.3523
3.571E-8,0.3523
3.572E-8,0.3523
3.572E-8,0.3523
3.572E-8,0.3304
3.572E-8,0.3051
3.573E-8,0.3051
3.574E-8,0.3051
3.575E-8,0.3051
3.575E-8,0.3051
3.575E-8,0.3051
3.575E-8,0.3051
3.576E-8,0.3051
3.576E-8,0.3051
3.577E-8,0.3051
3.58E-8,0.3051
3.583E-8,0.3051
3.586E-8,0.3051
3.586E-8,0.3051
3.586E-8,0.3051
3.586E-8,0.3051
3.586E-8,0.3051
3.586E-8,0.3051
3.586E-8,0.2851
3.586E-8,0.2621
3.587E-8,0.2621
3.588E-8,0.2621
3.589E-8,0.2621
3.589E-8,0.2621
3.589E-8,0.2621
3.59E-8,0.2621
3.59E-8,0.2621
3.59E-8,0.2621
3.592E-8,0.2621
3.594E-8,0.2621
3.597E-8,0.2621
3.6E-8,0.2621
3.6E-8,0.2621
3.6E-8,0.2621
3.6E-8,0.2621
3.6E-8,0.2621
3.6E-8,0.2621
3.601E-8,0.2442
3.601E-8,0.2234
3.601E-8,0.2234
3.602E-8,0.2234
3.604E-8,0.2234
3.604E-8,0.2234
3.604E-8,0.2234
3.604E-8,0.2234
3.604E-8,0.2234
3.605E-8,0.2234
3.606E-8,0.2234
3.608E-8,0.2234
3.611E-8,0.2234
3.614E-8,0.2234
3.614E-8,0.2234
3.614E-8,0.2234
3.614E-8,0.2234
3.614E-8,0.2234
3.615E-8,0.2234
3.615E-8,0.2055
3.615E-8,0.1848
3.616E-8,0.1848
3.617E-8,0.1848
3.618E-8,0.1848
3.618E-8,0.1848
3.618E-8,0.1848
3.618E-8,0.1848
3.618E-8,0.1848
3.619E-8,0.1848
3.62E-8,0.1848
3.622E-8,0.1848
3.625E-8,0.1848
3.629E-8,0.1848
3.629E-8,0.1848
3.629E-8,0.1848
3.629E-8,0.1848
3.629E-8,0.1848
3.629E-8,0.1848
3.629E-8,0.1688
3.629E-8,0.1504
3.63E-8,0.1504
3.631E-8,0.1504
3.632E-8,0.1504
3.632E-8,0.1504
3.632E-8,0.1504
3.632E-8,0.1504
3.633E-8,0.1504
3.633E-8,0.1504
3.634E-8,0.1504
3.637E-8,0.1504
3.64E-8,0.1504
3.643E-8,0.1504
3.643E-8,0.1504
3.643E-8,0.1504
3.643E-8,0.1504
3.643E-8,0.1504
3.643E-8,0.1504
3.643E-8,0.1344
3.644E-8,0.1160
3.644E-8,0.1160
3.645E-8,0.1160
3.646E-8,0.1160
3.646E-8,0.1160
3.647E-8,0.1160
3.647E-8,0.1160
3.647E-8,0.1160
3.648E-8,0.1160
3.649E-8,0.1160
3.651E-8,0.1160
3.654E-8,0.1160
3.657E-8,0.1160
3.657E-8,0.1160
3.657E-8,0.1160
3.657E-8,0.1160
3.657E-8,0.1160
3.657E-8,0.1160
3.658E-8,0.1021
3.658E-8,0.08594
3.658E-8,0.08594
3.66E-8,0.08594
3.661E-8,0.08594
3.661E-8,0.08594
3.661E-8,0.08594
3.661E-8,0.08594
3.661E-8,0.08594
3.662E-8,0.08594
3.663E-8,0.08594
3.665E-8,0.08594
3.668E-8,0.08594
3.671E-8,0.08594
3.671E-8,0.08594
3.671E-8,0.08594
3.671E-8,0.08594
3.672E-8,0.08594
3.672E-8,0.08594
3.672E-8,0.07596
3.672E-8,0.06445
3.673E-8,0.06445
3.674E-8,0.06445
3.675E-8,0.06445
3.675E-8,0.06445
3.675E-8,0.06445
3.675E-8,0.06445
3.676E-8,0.06445
3.676E-8,0.06445
3.677E-8,0.06445
3.68E-8,0.06445
3.683E-8,0.06445
3.686E-8,0.06445
3.686E-8,0.06445
3.686E-8,0.06445
3.686E-8,0.06445
3.686E-8,0.06445
3.686E-8,0.06445
3.686E-8,0.05448
3.686E-8,0.04297
3.687E-8,0.04297
3.688E-8,0.04297
3.689E-8,0.04297
3.689E-8,0.04297
3.689E-8,0.04297
3.69E-8,0.04297
3.69E-8,0.04297
3.69E-8,0.04297
3.692E-8,0.04297
3.694E-8,0.04297
3.697E-8,0.04297
3.7E-8,0.04297
3.7E-8,0.04297
3.7E-8,0.04297
3.7E-8,0.04297
3.7E-8,0.04297
3.7E-8,0.04297
3.701E-8,0.03499
3.701E-8,0.02578
3.701E-8,0.02578
3.702E-8,0.02578
3.704E-8,0.02578
3.704E-8,0.02578
3.704E-8,0.02578
3.704E-8,0.02578
3.704E-8,0.02578
3.705E-8,0.02578
3.706E-8,0.02578
3.708E-8,0.02578
3.711E-8,0.02578
3.714E-8,0.02578
3.714E-8,0.02578
3.714E-8,0.02578
3.714E-8,0.02578
3.714E-8,0.02578
3.715E-8,0.02578
3.715E-8,0.01980
3.715E-8,0.01289
3.716E-8,0.01289
3.717E-8,0.01289
3.718E-8,0.01289
3.718E-8,0.01289
3.718E-8,0.01289
3.718E-8,0.01289
3.718E-8,0.01289
3.719E-8,0.01289
3.72E-8,0.01289
3.722E-8,0.01289
3.725E-8,0.01289
3.729E-8,0.01289
3.729E-8,0.01289
3.729E-8,0.01289
3.729E-8,0.01289
3.729E-8,0.01289
3.729E-8,0.01289
3.729E-8,8.901E-3
3.729E-8,4.297E-3
3.73E-8,4.297E-3
3.731E-8,4.297E-3
3.732E-8,4.297E-3
3.732E-8,4.297E-3
3.732E-8,4.297E-3
3.732E-8,4.297E-3
3.733E-8,4.297E-3
3.733E-8,4.297E-3
3.734E-8,4.297E-3
3.737E-8,4.297E-3
3.74E-8,4.297E-3
3.743E-8,4.297E-3
3.743E-8,4.297E-3
3.743E-8,4.297E-3
3.743E-8,4.297E-3
3.743E-8,4.297E-3
3.743E-8,4.297E-3
3.743E-8,2.302E-3
3.744E-8,0.00000
3.744E-8,0.00000
3.745E-8,0.00000
3.746E-8,0.00000
3.747E-8,0.00000
3.747E-8,0.00000
3.747E-8,0.00000
3.747E-8,0.00000
3.748E-8,0.00000
3.749E-8,0.00000
3.751E-8,0.00000
3.754E-8,0.00000
3.757E-8,0.00000
3.757E-8,0.00000
3.757E-8,0.00000
3.757E-8,0.00000
3.757E-8,0.00000
3.757E-8,0.00000
3.758E-8,0.00000
3.758E-8,0.00000
3.759E-8,0.00000
3.761E-8,0.00000
3.761E-8,0.00000
3.761E-8,0.00000
3.761E-8,0.00000
3.761E-8,0.00000
3.762E-8,0.00000
3.763E-8,0.00000
3.765E-8,0.00000
3.768E-8,0.00000
3.771E-8,0.00000
3.771E-8,0.00000
3.771E-8,0.00000
3.771E-8,0.00000
3.772E-8,0.00000
3.772E-8,0.00000
3.772E-8,1.995E-3
3.772E-8,4.297E-3
3.773E-8,4.297E-3
3.774E-8,4.297E-3
3.775E-8,4.297E-3
3.775E-8,4.297E-3
3.775E-8,4.297E-3
3.775E-8,4.297E-3
3.776E-8,4.297E-3
3.776E-8,4.297E-3
3.777E-8,4.297E-3
3.780E-8,4.297E-3
3.783E-8,4.297E-3
3.786E-8,4.297E-3
3.786E-8,4.297E-3
3.786E-8,4.297E-3
3.786E-8,4.297E-3
3.786E-8,4.297E-3
3.786E-8,4.297E-3
3.786E-8,8.287E-3
3.786E-8,0.01289
3.787E-8,0.01289
3.788E-8,0.01289
3.789E-8,0.01289
3.789E-8,0.01289
3.789E-8,0.01289
3.79E-8,0.01289
3.79E-8,0.01289
3.79E-8,0.01289
3.792E-8,0.01289
3.794E-8,0.01289
3.797E-8,0.01289
3.800E-8,0.01289
3.800E-8,0.01289
3.800E-8,0.01289
3.800E-8,0.01289
3.800E-8,0.01289
3.800E-8,0.01289
3.801E-8,0.01888
3.801E-8,0.02578
3.801E-8,0.02578
3.802E-8,0.02578
3.804E-8,0.02578
3.804E-8,0.02578
3.804E-8,0.02578
3.804E-8,0.02578
3.804E-8,0.02578
3.805E-8,0.02578
3.806E-8,0.02578
3.808E-8,0.02578
3.811E-8,0.02578
3.814E-8,0.02578
3.814E-8,0.02578
3.814E-8,0.02578
3.814E-8,0.02578
3.814E-8,0.02578
3.815E-8,0.02578
3.815E-8,0.03376
3.815E-8,0.04297
3.816E-8,0.04297
3.817E-8,0.04297
3.818E-8,0.04297
3.818E-8,0.04297
3.818E-8,0.04297
3.818E-8,0.04297
3.818E-8,0.04297
3.819E-8,0.04297
3.820E-8,0.04297
3.822E-8,0.04297
3.825E-8,0.04297
3.829E-8,0.04297
3.829E-8,0.04297
3.829E-8,0.04297
3.829E-8,0.04297
3.829E-8,0.04297
3.829E-8,0.04297
3.829E-8,0.05294
3.829E-8,0.06445
3.83E-8,0.06445
3.831E-8,0.06445
3.832E-8,0.06445
3.832E-8,0.06445
3.832E-8,0.06445
3.832E-8,0.06445
3.833E-8,0.06445
3.833E-8,0.06445
3.834E-8,0.06445
3.837E-8,0.06445
3.84E-8,0.06445
3.843E-8,0.06445
3.843E-8,0.06445
3.843E-8,0.06445
3.843E-8,0.06445
3.843E-8,0.06445
3.843E-8,0.06445
3.843E-8,0.07443
3.844E-8,0.08594
3.844E-8,0.08594
3.845E-8,0.08594
3.846E-8,0.08594
3.846E-8,0.08594
3.847E-8,0.08594
3.847E-8,0.08594
3.847E-8,0.08594
3.848E-8,0.08594
3.849E-8,0.08594
3.851E-8,0.08594
3.854E-8,0.08594
3.857E-8,0.08594
3.857E-8,0.08594
3.857E-8,0.08594
3.857E-8,0.08594
3.857E-8,0.08594
3.857E-8,0.08594
3.858E-8,0.09990
3.858E-8,0.1160
3.858E-8,0.1160
3.86E-8,0.1160
3.861E-8,0.1160
3.861E-8,0.1160
3.861E-8,0.1160
3.861E-8,0.1160
3.861E-8,0.1160
3.862E-8,0.1160
3.863E-8,0.1160
3.865E-8,0.1160
3.868E-8,0.1160
3.871E-8,0.1160
3.871E-8,0.1160
3.871E-8,0.1160
3.871E-8,0.1160
3.872E-8,0.1160
3.872E-8,0.1160
3.872E-8,0.1320
3.872E-8,0.1504
3.873E-8,0.1504
3.874E-8,0.1504
3.875E-8,0.1504
3.875E-8,0.1504
3.875E-8,0.1504
3.875E-8,0.1504
3.876E-8,0.1504
3.876E-8,0.1504
3.877E-8,0.1504
3.88E-8,0.1504
3.883E-8,0.1504
3.886E-8,0.1504
3.886E-8,0.1504
3.886E-8,0.1504
3.886E-8,0.1504
3.886E-8,0.1504
3.886E-8,0.1504
3.886E-8,0.1664
3.886E-8,0.1848
3.887E-8,0.1848
3.888E-8,0.1848
3.889E-8,0.1848
3.889E-8,0.1848
3.889E-8,0.1848
3.89E-8,0.1848
3.89E-8,0.1848
3.89E-8,0.1848
3.892E-8,0.1848
3.894E-8,0.1848
3.897E-8,0.1848
3.9E-8,0.1848
3.9E-8,0.1848
3.9E-8,0.1848
3.9E-8,0.1848
3.9E-8,0.1848
3.9E-8,0.1848
3.901E-8,0.2027
3.901E-8,0.2234
3.901E-8,0.2234
3.902E-8,0.2234
3.904E-8,0.2234
3.904E-8,0.2234
3.904E-8,0.2234
3.904E-8,0.2234
3.904E-8,0.2234
3.905E-8,0.2234
3.906E-8,0.2234
3.908E-8,0.2234
3.911E-8,0.2234
3.914E-8,0.2234
3.914E-8,0.2234
3.914E-8,0.2234
3.914E-8,0.2234
3.914E-8,0.2234
3.915E-8,0.2234
3.915E-8,0.2414
3.915E-8,0.2621
3.916E-8,0.2621
3.917E-8,0.2621
3.918E-8,0.2621
3.918E-8,0.2621
3.918E-8,0.2621
3.918E-8,0.2621
3.918E-8,0.2621
3.919E-8,0.2621
3.92E-8,0.2621
3.922E-8,0.2621
3.925E-8,0.2621
3.929E-8,0.2621
3.929E-8,0.2621
3.929E-8,0.2621
3.929E-8,0.2621
3.929E-8,0.2621
3.929E-8,0.2621
3.929E-8,0.2821
3.929E-8,0.3051
3.93E-8,0.3051
3.931E-8,0.3051
3.932E-8,0.3051
3.932E-8,0.3051
3.932E-8,0.3051
3.932E-8,0.3051
3.933E-8,0.3051
3.933E-8,0.3051
3.934E-8,0.3051
3.937E-8,0.3051
3.94E-8,0.3051
3.943E-8,0.3051
3.943E-8,0.3051
3.943E-8,0.3051
3.943E-8,0.3051
3.943E-8,0.3051
3.943E-8,0.3051
3.943E-8,0.3270
3.944E-8,0.3523
3.944E-8,0.3523
3.945E-8,0.3523
3.946E-8,0.3523
3.947E-8,0.3523
3.947E-8,0.3523
3.947E-8,0.3523
3.947E-8,0.3523
3.948E-8,0.3523
3.949E-8,0.3523
3.951E-8,0.3523
3.954E-8,0.3523
3.957E-8,0.3523
3.957E-8,0.3523
3.957E-8,0.3523
3.957E-8,0.3523
3.957E-8,0.3523
3.957E-8,0.3523
3.958E-8,0.3743
3.958E-8,0.3996
3.958E-8,0.3996
3.96E-8,0.3996
3.961E-8,0.3996
3.961E-8,0.3996
3.961E-8,0.3996
3.961E-8,0.3996
3.961E-8,0.3996
3.962E-8,0.3996
3.963E-8,0.3996
3.965E-8,0.3996
3.968E-8,0.3996
3.971E-8,0.3996
3.971E-8,0.3996
3.971E-8,0.3996
3.971E-8,0.3996
3.972E-8,0.3996
3.972E-8,0.3996
3.972E-8,0.4216
3.972E-8,0.4469
3.973E-8,0.4469
3.974E-8,0.4469
3.975E-8,0.4469
3.975E-8,0.4469
3.975E-8,0.4469
3.975E-8,0.4469
3.976E-8,0.4469
3.976E-8,0.4469
3.977E-8,0.4469
3.98E-8,0.4469
3.983E-8,0.4469
3.986E-8,0.4469
3.986E-8,0.4469
3.986E-8,0.4469
3.986E-8,0.4469
3.986E-8,0.4469
3.986E-8,0.4469
3.986E-8,0.4688
3.986E-8,0.4941
3.987E-8,0.4941
3.988E-8,0.4941
3.989E-8,0.4941
3.989E-8,0.4941
3.989E-8,0.4941
3.99E-8,0.4941
3.99E-8,0.4941
3.99E-8,0.4941
3.992E-8,0.4941
3.994E-8,0.4941
3.997E-8,0.4941
4.0E-8,0.4941
